espnID,playerName,YEAR,TEAM,WAR,2B,3B,AB,AVG,BB,CS,GP,H,HR,OBP,OPS,R,RBI,SB,SLG,SO
33912,Cody Bellinger,2017,LAD,4.2,26,4,480,.267,64,3,132,128,39,.352,.933,87,97,10,.581,146
33912,Cody Bellinger,2018,LAD,4.2,28,7,557,.260,69,1,162,145,25,.343,.813,84,76,14,.470,151
33912,Cody Bellinger,2019,LAD,--,34,3,558,.305,95,5,156,170,47,.406,1.035,121,115,15,.629,108
34886,Alex Bregman,2016,HOU,1.8,13,3,201,.264,15,0,49,53,8,.313,.791,31,34,2,.478,52
34886,Alex Bregman,2017,HOU,4.1,39,5,556,.284,55,5,155,158,19,.352,.827,88,71,17,.475,97
34886,Alex Bregman,2018,HOU,6.9,51,1,594,.286,96,4,157,170,31,.394,.926,105,103,10,.532,85
34886,Alex Bregman,2019,HOU,--,37,2,554,.296,119,1,156,164,41,.423,1.015,122,112,5,.592,83
30836,Mike Trout,2011,LAA,0.6,6,0,123,.220,9,0,40,27,5,.281,.671,20,16,4,.390,30
30836,Mike Trout,2012,LAA,10.7,27,8,559,.326,67,5,139,182,30,.399,.963,129,83,49,.564,139
30836,Mike Trout,2013,LAA,9.2,39,9,589,.323,110,7,157,190,27,.432,.989,109,97,33,.557,136
30836,Mike Trout,2014,LAA,7.9,39,9,602,.287,83,2,157,173,36,.377,.938,115,111,16,.561,184
30836,Mike Trout,2015,LAA,9.4,32,6,575,.299,92,7,159,172,41,.402,.992,104,90,11,.590,158
30836,Mike Trout,2016,LAA,10.6,32,5,549,.315,116,7,159,173,29,.441,.991,123,100,30,.550,137
30836,Mike Trout,2017,LAA,6.7,25,3,402,.306,94,4,114,123,33,.442,1.071,92,72,22,.629,90
30836,Mike Trout,2018,LAA,10.2,24,4,471,.312,122,2,140,147,39,.460,1.088,101,79,24,.628,124
30836,Mike Trout,2019,LAA,--,27,2,470,.291,110,2,134,137,45,.438,1.083,110,104,11,.645,120
32146,Marcus Semien,2013,CHW,0.6,4,0,69,.261,1,2,21,18,2,.268,.674,7,7,2,.406,22
32146,Marcus Semien,2014,CHW,0.5,10,2,231,.234,21,0,64,54,6,.300,.672,30,28,3,.372,70
32146,Marcus Semien,2015,OAK,2.7,23,7,556,.257,42,5,155,143,15,.310,.715,65,45,11,.405,132
32146,Marcus Semien,2016,OAK,3.0,27,2,568,.238,51,2,159,135,27,.300,.735,72,75,10,.435,139
32146,Marcus Semien,2017,OAK,1.1,19,1,342,.249,38,1,85,85,10,.325,.723,53,40,12,.398,85
32146,Marcus Semien,2018,OAK,4.3,35,2,632,.255,61,6,159,161,15,.318,.706,89,70,14,.388,131
32146,Marcus Semien,2019,OAK,--,43,7,657,.285,87,8,162,187,33,.369,.891,123,92,10,.522,102
31283,Christian Yelich,2013,MIA,1.4,12,1,240,.287,31,0,62,69,4,.370,.766,34,16,10,.396,66
31283,Christian Yelich,2014,MIA,3.6,30,6,582,.284,70,7,144,165,9,.362,.764,94,54,21,.402,137
31283,Christian Yelich,2015,MIA,3.5,30,2,476,.300,47,5,126,143,7,.366,.782,63,44,16,.416,101
31283,Christian Yelich,2016,MIA,5.3,38,3,578,.298,72,4,155,172,21,.376,.859,78,98,9,.483,138
31283,Christian Yelich,2017,MIA,3.9,36,2,602,.282,80,2,156,170,18,.369,.808,100,81,16,.439,137
31283,Christian Yelich,2018,MIL,7.6,34,7,574,.326,68,4,147,187,36,.402,1.000,118,110,22,.598,135
31283,Christian Yelich,2019,MIL,--,29,3,489,.329,80,2,130,161,44,.429,1.100,100,97,30,.671,118
32512,Ketel Marte,2015,SEA,2.3,14,3,219,.283,24,4,57,62,2,.351,.753,25,17,8,.402,43
32512,Ketel Marte,2016,SEA,0.3,21,2,437,.259,18,5,119,113,1,.287,.610,55,33,11,.323,84
32512,Ketel Marte,2017,ARI,1.1,11,2,223,.260,29,1,73,58,5,.345,.740,30,18,3,.395,37
32512,Ketel Marte,2018,ARI,3.3,26,12,520,.260,54,1,153,135,14,.332,.769,68,59,6,.437,79
32512,Ketel Marte,2019,ARI,--,36,9,569,.329,53,2,144,187,32,.389,.981,97,92,10,.592,86
33039,Mookie Betts,2014,BOS,2.1,12,1,189,.291,21,3,52,55,5,.368,.812,34,18,7,.444,31
33039,Mookie Betts,2015,BOS,6.0,42,8,597,.291,46,6,145,174,18,.341,.820,92,77,21,.479,82
33039,Mookie Betts,2016,BOS,9.6,42,5,672,.318,49,4,158,214,31,.363,.897,122,113,26,.534,80
33039,Mookie Betts,2017,BOS,6.4,46,2,628,.264,77,3,153,166,24,.344,.803,101,102,26,.459,79
33039,Mookie Betts,2018,BOS,10.9,47,5,520,.346,81,6,136,180,32,.438,1.078,129,80,30,.640,91
33039,Mookie Betts,2019,BOS,--,40,5,597,.295,97,3,150,176,29,.391,.915,135,80,16,.524,101
33857,Matt Chapman,2017,OAK,3.6,23,2,290,.234,32,3,84,68,14,.313,.785,39,40,0,.472,92
33857,Matt Chapman,2018,OAK,8.2,42,6,547,.278,58,2,145,152,24,.356,.864,100,68,1,.508,146
33857,Matt Chapman,2019,OAK,--,36,3,583,.249,73,1,156,145,36,.342,.848,102,91,1,.506,147
32150,Trevor Story,2016,COL,3.1,21,4,372,.272,35,5,97,101,27,.341,.908,67,72,8,.567,130
32150,Trevor Story,2017,COL,2.6,32,3,503,.239,49,2,145,120,24,.308,.765,68,82,7,.457,191
32150,Trevor Story,2018,COL,5.6,42,6,598,.291,47,6,157,174,37,.348,.915,88,108,27,.567,168
32150,Trevor Story,2019,COL,--,38,5,588,.294,58,8,145,173,35,.363,.917,111,85,23,.554,174
32098,Anthony Rendon,2013,WSH,-0.0,23,1,351,.265,31,1,98,93,7,.329,.725,40,35,1,.396,69
32098,Anthony Rendon,2014,WSH,6.5,39,6,613,.287,58,3,153,176,21,.351,.824,111,83,17,.473,104
32098,Anthony Rendon,2015,WSH,0.3,16,0,311,.264,36,2,80,82,5,.344,.707,43,25,1,.363,70
32098,Anthony Rendon,2016,WSH,4.1,38,2,567,.270,65,6,156,153,20,.348,.798,91,85,12,.450,117
32098,Anthony Rendon,2017,WSH,5.9,41,1,508,.301,84,2,147,153,25,.403,.936,81,100,7,.533,82
32098,Anthony Rendon,2018,WSH,4.2,44,2,529,.308,55,1,136,163,24,.374,.909,88,92,2,.535,82
32098,Anthony Rendon,2019,WSH,--,44,3,545,.319,80,1,146,174,34,.412,1.010,117,126,5,.598,86
32078,George Springer,2014,HOU,2.0,8,1,295,.231,39,2,78,68,20,.336,.804,45,51,5,.468,114
32078,George Springer,2015,HOU,3.8,19,2,388,.276,50,4,102,107,16,.367,.826,59,41,16,.459,109
32078,George Springer,2016,HOU,5.0,29,5,644,.261,88,10,162,168,29,.359,.816,116,82,9,.457,178
32078,George Springer,2017,HOU,5.0,29,0,548,.283,64,7,140,155,34,.367,.889,112,85,5,.522,111
32078,George Springer,2018,HOU,2.7,26,0,544,.265,64,4,140,144,22,.346,.780,102,71,6,.434,122
32078,George Springer,2019,HOU,--,20,3,479,.292,67,2,122,140,39,.383,.974,96,96,6,.591,113
29563,Josh Donaldson,2010,OAK,-0.3,1,0,32,.156,2,0,14,5,1,.206,.487,1,4,0,.281,12
29563,Josh Donaldson,2012,OAK,1.3,16,0,274,.241,14,1,75,66,9,.289,.687,34,33,4,.398,61
29563,Josh Donaldson,2013,OAK,8.0,37,3,579,.301,76,2,158,174,24,.384,.883,89,93,5,.499,110
29563,Josh Donaldson,2014,OAK,7.4,31,2,608,.255,76,0,158,155,29,.342,.798,93,98,8,.456,130
29563,Josh Donaldson,2015,TOR,8.8,41,2,620,.297,73,0,158,184,41,.371,.939,122,123,6,.568,133
29563,Josh Donaldson,2016,TOR,7.4,32,5,577,.284,109,1,155,164,37,.404,.953,122,99,7,.549,119
29563,Josh Donaldson,2017,TOR,4.8,21,0,415,.270,76,2,113,112,33,.385,.944,65,78,2,.559,111
29563,Josh Donaldson,2018,CLE,0.7,3,0,50,.280,10,0,16,14,3,.400,.920,8,7,0,.520,10
29563,Josh Donaldson,2018,TOR,0.5,11,0,137,.234,21,0,36,32,5,.333,.756,22,16,2,.423,44
29563,Josh Donaldson,2018,Total,1.2,14,0,187,.246,31,0,52,46,8,.352,.801,30,23,2,.449,54
29563,Josh Donaldson,2019,ATL,--,33,0,549,.259,100,2,155,142,37,.379,.900,96,94,4,.521,155
30765,DJ LeMahieu,2011,CHC,-0.3,2,0,60,.250,1,0,37,15,0,.262,.545,3,4,0,.283,12
30765,DJ LeMahieu,2012,COL,1.2,12,4,229,.297,13,2,81,68,2,.332,.742,26,22,1,.410,42
30765,DJ LeMahieu,2013,COL,1.4,21,3,404,.280,19,7,109,113,2,.311,.672,39,28,18,.361,67
30765,DJ LeMahieu,2014,COL,1.6,15,5,494,.267,33,10,149,132,5,.315,.663,59,42,10,.348,97
30765,DJ LeMahieu,2015,COL,2.3,21,5,564,.301,50,3,150,170,6,.358,.746,85,61,23,.388,107
30765,DJ LeMahieu,2016,COL,5.2,32,8,552,.348,66,7,146,192,11,.416,.911,104,66,11,.495,80
30765,DJ LeMahieu,2017,COL,2.9,28,4,609,.310,59,5,155,189,8,.374,.783,95,64,6,.409,90
30765,DJ LeMahieu,2018,COL,3.0,32,2,533,.276,37,5,128,147,15,.321,.749,90,62,6,.428,82
30765,DJ LeMahieu,2019,NYY,--,33,2,602,.327,46,2,145,197,26,.375,.893,109,102,5,.518,90
31261,Nolan Arenado,2013,COL,3.9,29,4,486,.267,23,0,133,130,10,.301,.706,49,52,2,.405,72
31261,Nolan Arenado,2014,COL,4.1,34,2,432,.287,25,1,111,124,18,.328,.828,58,61,2,.500,58
31261,Nolan Arenado,2015,COL,5.7,43,4,616,.287,34,5,157,177,42,.323,.898,97,130,2,.575,110
31261,Nolan Arenado,2016,COL,6.5,35,6,618,.294,68,3,160,182,41,.362,.932,116,133,2,.570,103
31261,Nolan Arenado,2017,COL,7.2,43,7,606,.309,62,2,159,187,37,.373,.959,100,130,3,.586,106
31261,Nolan Arenado,2018,COL,5.6,38,2,590,.297,73,2,156,175,38,.374,.935,104,110,2,.561,122
31261,Nolan Arenado,2019,COL,--,31,2,588,.315,62,2,155,185,41,.379,.962,102,118,3,.583,93
33303,Max Muncy,2015,OAK,-0.1,8,1,102,.206,9,0,45,21,3,.268,.660,14,9,0,.392,31
33303,Max Muncy,2016,OAK,-0.1,2,0,113,.186,20,0,51,21,2,.308,.565,13,8,0,.257,24
33303,Max Muncy,2018,LAD,4.2,17,2,395,.263,79,0,137,104,35,.391,.973,75,79,3,.582,131
33303,Max Muncy,2019,LAD,--,22,1,487,.251,90,1,141,122,35,.374,.889,101,98,4,.515,149
32525,Jorge Polanco,2014,MIN,0.3,1,1,6,.333,2,0,5,2,0,.500,1.333,2,3,0,.833,2
32525,Jorge Polanco,2015,MIN,0.1,0,0,10,.300,2,0,4,3,0,.417,.717,1,1,1,.300,1
32525,Jorge Polanco,2016,MIN,0.6,15,4,245,.282,17,3,69,69,4,.332,.756,24,27,4,.424,46
32525,Jorge Polanco,2017,MIN,2.1,30,3,488,.256,41,5,133,125,13,.313,.723,60,74,13,.410,78
32525,Jorge Polanco,2018,MIN,1.5,18,3,302,.288,25,7,77,87,6,.345,.772,38,42,7,.427,62
32525,Jorge Polanco,2019,MIN,--,40,7,631,.295,60,3,153,186,22,.356,.841,107,79,4,.485,116
36185,Ronald Acuna Jr.,2018,ATL,4.1,26,4,433,.293,45,5,111,127,26,.366,.918,78,64,16,.552,123
36185,Ronald Acuna Jr.,2019,ATL,--,22,2,626,.280,76,9,156,175,41,.365,.883,127,101,37,.518,188
33192,Aaron Judge,2016,NYY,-0.4,2,0,84,.179,9,1,27,15,4,.263,.608,10,10,0,.345,42
33192,Aaron Judge,2017,NYY,8.1,24,3,542,.284,127,4,155,154,52,.422,1.049,128,114,9,.627,208
33192,Aaron Judge,2018,NYY,5.5,22,0,413,.278,76,3,112,115,27,.392,.920,77,67,6,.528,152
33192,Aaron Judge,2019,NYY,--,18,1,378,.272,64,2,102,103,27,.381,.921,75,55,3,.540,141
33859,Rafael Devers,2017,BOS,1.3,14,0,222,.284,18,1,58,63,10,.338,.820,34,30,3,.482,57
33859,Rafael Devers,2018,BOS,-0.0,24,0,450,.240,38,2,121,108,21,.298,.731,59,66,5,.433,121
33859,Rafael Devers,2019,BOS,--,54,4,647,.311,48,8,156,201,32,.361,.916,129,115,8,.555,119
31606,Xander Bogaerts,2013,BOS,0.3,2,0,44,.250,5,0,18,11,1,.320,.684,7,5,1,.364,13
31606,Xander Bogaerts,2014,BOS,0.2,28,1,538,.240,39,3,144,129,12,.297,.659,60,46,2,.362,138
31606,Xander Bogaerts,2015,BOS,4.6,35,3,613,.320,32,2,156,196,7,.355,.776,84,81,10,.421,101
31606,Xander Bogaerts,2016,BOS,3.7,34,1,652,.294,58,4,157,192,21,.356,.802,115,89,13,.446,123
31606,Xander Bogaerts,2017,BOS,2.2,32,6,571,.273,56,1,148,156,10,.343,.746,94,62,15,.403,116
31606,Xander Bogaerts,2018,BOS,3.8,45,3,513,.288,55,2,136,148,23,.360,.882,72,103,8,.522,102
31606,Xander Bogaerts,2019,BOS,--,52,0,614,.309,76,2,155,190,33,.384,.939,110,117,4,.555,122
32767,Matt Olson,2016,OAK,-0.1,1,0,21,.095,7,0,11,2,0,.321,.464,3,0,0,.143,4
32767,Matt Olson,2017,OAK,2.8,2,0,189,.259,22,0,59,49,24,.352,1.003,33,45,0,.651,60
32767,Matt Olson,2018,OAK,4.3,33,0,580,.247,70,1,162,143,29,.335,.788,85,84,2,.453,163
32767,Matt Olson,2019,OAK,--,26,0,483,.267,51,0,127,129,36,.351,.896,73,91,0,.545,138
33900,Jeff McNeil,2018,NYM,2.4,11,6,225,.329,14,1,63,74,3,.381,.852,35,19,7,.471,24
33900,Jeff McNeil,2019,NYM,--,38,1,510,.318,35,6,133,162,23,.384,.915,83,75,5,.531,75
32127,Javier Baez,2014,CHC,-1.1,6,0,213,.169,15,1,52,36,9,.227,.551,25,20,5,.324,95
32127,Javier Baez,2015,CHC,0.6,6,0,76,.289,4,2,28,22,1,.325,.733,4,4,1,.408,24
32127,Javier Baez,2016,CHC,3.4,19,1,421,.273,15,3,142,115,14,.314,.737,50,59,12,.423,108
32127,Javier Baez,2017,CHC,2.9,24,2,469,.273,30,3,145,128,23,.317,.797,75,75,10,.480,144
32127,Javier Baez,2018,CHC,6.3,40,9,606,.290,29,9,160,176,34,.326,.880,101,111,21,.554,167
32127,Javier Baez,2019,CHC,--,38,4,531,.281,28,7,138,149,29,.316,.847,89,85,11,.531,156
33783,Ozzie Albies,2017,ATL,1.4,9,5,217,.286,21,1,57,62,6,.354,.810,34,28,8,.456,36
33783,Ozzie Albies,2018,ATL,3.8,40,5,639,.261,36,3,158,167,24,.305,.757,105,72,14,.452,116
33783,Ozzie Albies,2019,ATL,--,43,8,640,.295,54,4,160,189,24,.352,.852,102,86,15,.500,112
32129,Francisco Lindor,2015,CLE,4.6,22,4,390,.313,27,2,99,122,12,.353,.835,50,51,12,.482,69
32129,Francisco Lindor,2016,CLE,5.7,30,3,604,.301,57,5,158,182,15,.358,.793,99,78,19,.435,88
32129,Francisco Lindor,2017,CLE,5.5,44,4,651,.273,60,3,159,178,33,.337,.842,99,89,15,.505,93
32129,Francisco Lindor,2018,CLE,7.9,42,2,661,.277,70,10,158,183,38,.352,.871,129,92,25,.519,107
32129,Francisco Lindor,2019,CLE,--,40,2,598,.284,46,5,143,170,32,.335,.853,101,74,22,.518,98
32061,Kolten Wong,2013,STL,-0.4,1,0,59,.153,3,0,32,9,0,.194,.363,6,0,3,.169,12
32061,Kolten Wong,2014,STL,2.2,14,3,402,.249,21,4,113,100,12,.292,.680,52,42,20,.388,71
32061,Kolten Wong,2015,STL,2.3,28,4,557,.262,36,8,150,146,11,.321,.707,71,61,15,.386,95
32061,Kolten Wong,2016,STL,1.5,7,7,313,.240,34,0,121,75,5,.327,.682,39,23,7,.355,52
32061,Kolten Wong,2017,STL,1.9,27,3,354,.285,41,2,108,101,4,.376,.788,55,42,8,.412,60
32061,Kolten Wong,2018,STL,3.5,18,2,353,.249,31,5,127,88,9,.332,.720,41,38,6,.388,60
32061,Kolten Wong,2019,STL,--,25,4,478,.285,47,4,148,136,11,.361,.784,61,59,24,.423,83
36969,Juan Soto,2018,WSH,3.0,25,1,414,.292,79,2,116,121,22,.406,.923,77,70,5,.517,99
36969,Juan Soto,2019,WSH,--,32,5,542,.282,108,1,150,153,34,.401,.949,110,110,12,.548,132
33984,Yoan Moncada,2016,BOS,-0.2,1,0,19,.211,1,0,8,4,0,.250,.513,3,1,0,.263,12
33984,Yoan Moncada,2017,CHW,1.7,8,2,199,.231,29,2,54,46,8,.338,.750,31,22,3,.412,74
33984,Yoan Moncada,2018,CHW,2.0,32,6,578,.235,67,6,149,136,17,.315,.715,73,61,12,.400,217
33984,Yoan Moncada,2019,CHW,--,34,5,511,.315,40,3,132,161,25,.367,.915,83,79,10,.548,154
30043,Michael Brantley,2009,CLE,-0.1,4,0,112,.313,8,4,28,35,0,.358,.706,10,11,4,.348,19
30043,Michael Brantley,2010,CLE,-1.3,9,3,297,.246,22,2,72,73,3,.296,.623,38,22,10,.327,38
30043,Michael Brantley,2011,CLE,1.6,24,4,451,.266,34,5,114,120,7,.318,.702,63,46,13,.384,76
30043,Michael Brantley,2012,CLE,2.9,37,4,552,.288,53,9,149,159,6,.348,.750,63,60,12,.402,56
30043,Michael Brantley,2013,CLE,2.7,26,3,556,.284,40,4,151,158,10,.332,.728,66,73,17,.396,67
30043,Michael Brantley,2014,CLE,7.0,45,2,611,.327,52,1,156,200,20,.385,.891,94,97,23,.506,56
30043,Michael Brantley,2015,CLE,3.4,45,0,529,.310,60,1,137,164,15,.379,.859,68,84,15,.480,51
30043,Michael Brantley,2016,CLE,-0.1,2,0,39,.231,3,0,11,9,0,.279,.561,5,7,1,.282,6
30043,Michael Brantley,2017,CLE,2.1,20,1,338,.299,31,1,90,101,9,.357,.801,47,52,11,.444,50
30043,Michael Brantley,2018,CLE,3.6,36,2,570,.309,48,3,143,176,17,.364,.832,89,76,12,.468,60
30043,Michael Brantley,2019,HOU,--,40,2,575,.311,51,2,148,179,22,.372,.875,88,90,3,.503,66
32355,Nick Ahmed,2014,ARI,-0.0,2,0,70,.200,3,1,25,14,1,.233,.504,9,4,0,.271,10
32355,Nick Ahmed,2015,ARI,2.5,17,6,421,.226,29,5,134,95,9,.275,.634,49,34,4,.359,81
32355,Nick Ahmed,2016,ARI,0.2,9,1,284,.218,15,2,90,62,4,.265,.564,26,20,5,.299,58
32355,Nick Ahmed,2017,ARI,0.2,8,1,167,.251,10,4,53,42,6,.298,.717,24,21,3,.419,39
32355,Nick Ahmed,2018,ARI,3.2,33,5,516,.234,40,4,153,121,16,.290,.701,61,70,5,.411,109
32355,Nick Ahmed,2019,ARI,--,33,6,556,.254,52,2,158,141,19,.316,.753,79,82,8,.437,113
30280,Carlos Santana,2010,CLE,1.8,13,0,150,.260,37,0,46,39,6,.401,.868,23,22,3,.467,29
30280,Carlos Santana,2011,CLE,3.4,35,2,552,.239,97,3,155,132,27,.351,.808,84,79,5,.457,133
30280,Carlos Santana,2012,CLE,3.8,27,2,507,.252,91,5,143,128,18,.365,.785,72,76,3,.420,101
30280,Carlos Santana,2013,CLE,4.4,39,1,541,.268,93,1,154,145,20,.377,.832,75,74,3,.455,110
30280,Carlos Santana,2014,CLE,3.1,25,0,541,.231,113,2,152,125,27,.365,.792,68,85,5,.427,124
30280,Carlos Santana,2015,CLE,1.1,29,2,550,.231,108,3,154,127,19,.357,.752,72,85,11,.395,122
30280,Carlos Santana,2016,CLE,3.0,31,3,582,.259,99,2,158,151,34,.366,.864,89,87,5,.498,99
30280,Carlos Santana,2017,CLE,3.4,37,3,571,.259,88,1,154,148,23,.363,.818,90,79,5,.455,94
30280,Carlos Santana,2018,PHI,1.7,28,2,560,.229,110,1,161,128,24,.352,.766,82,86,2,.414,93
30280,Carlos Santana,2019,CLE,--,30,1,573,.281,108,0,158,161,34,.397,.912,110,93,4,.515,108
32801,Jose Ramirez,2013,CLE,0.0,0,1,12,.333,2,1,15,4,0,.429,.929,5,0,0,.500,2
32801,Jose Ramirez,2014,CLE,1.8,10,2,237,.262,13,1,68,62,2,.300,.646,27,17,10,.346,35
32801,Jose Ramirez,2015,CLE,1.4,14,3,315,.219,32,4,97,69,6,.291,.631,50,27,10,.340,39
32801,Jose Ramirez,2016,CLE,3.9,46,3,565,.312,44,7,152,176,11,.363,.825,84,76,22,.462,62
32801,Jose Ramirez,2017,CLE,6.9,56,6,585,.318,52,5,152,186,29,.374,.957,107,83,17,.583,69
32801,Jose Ramirez,2018,CLE,7.9,38,4,578,.270,106,6,157,156,39,.387,.939,110,105,34,.552,80
32801,Jose Ramirez,2019,CLE,--,33,3,482,.255,52,4,129,123,23,.327,.806,68,83,24,.479,74
29416,Lorenzo Cain,2010,MIL,2.0,11,1,147,.306,9,1,43,45,1,.348,.763,17,13,7,.415,28
29416,Lorenzo Cain,2011,KC,0.1,1,0,22,.273,1,0,6,6,0,.304,.622,4,1,0,.318,4
29416,Lorenzo Cain,2012,KC,1.9,9,2,222,.266,15,0,61,59,7,.316,.735,27,31,10,.419,56
29416,Lorenzo Cain,2013,KC,3.2,21,3,399,.251,33,6,115,100,4,.310,.658,54,46,14,.348,90
29416,Lorenzo Cain,2014,KC,5.0,29,4,471,.301,24,5,133,142,5,.339,.751,55,53,28,.412,108
29416,Lorenzo Cain,2015,KC,7.2,34,6,551,.307,37,6,140,169,16,.361,.838,101,72,28,.477,98
29416,Lorenzo Cain,2016,KC,2.9,19,1,397,.287,31,5,103,114,9,.339,.747,56,56,14,.408,84
29416,Lorenzo Cain,2017,KC,5.3,27,5,584,.300,54,2,155,175,15,.363,.803,86,49,26,.440,100
29416,Lorenzo Cain,2018,MIL,6.9,25,2,539,.308,71,7,141,166,10,.395,.812,90,38,30,.417,94
29416,Lorenzo Cain,2019,MIL,--,30,0,562,.260,50,8,148,146,11,.325,.697,75,48,18,.372,106
31065,J.D. Martinez,2011,HOU,0.3,13,0,208,.274,13,1,53,57,6,.319,.742,29,35,0,.423,48
31065,J.D. Martinez,2012,HOU,-0.7,14,3,395,.241,40,2,113,95,11,.311,.686,34,55,0,.375,96
31065,J.D. Martinez,2013,HOU,-1.3,17,0,296,.250,10,0,86,74,7,.272,.650,24,36,2,.378,82
31065,J.D. Martinez,2014,DET,4.2,30,3,441,.315,30,3,123,139,23,.358,.911,57,76,6,.553,126
31065,J.D. Martinez,2015,DET,5.0,33,2,596,.282,53,2,158,168,38,.344,.879,93,102,3,.535,178
31065,J.D. Martinez,2016,DET,1.8,35,2,460,.307,49,2,120,141,22,.373,.908,69,68,1,.535,128
31065,J.D. Martinez,2017,DET,1.6,13,2,200,.305,29,0,57,61,16,.388,1.018,38,39,2,.630,54
31065,J.D. Martinez,2017,ARI,2.6,13,1,232,.302,24,0,62,70,29,.366,1.107,47,65,2,.741,74
31065,J.D. Martinez,2017,Total,4.1,26,3,432,.303,53,0,119,131,45,.376,1.066,85,104,4,.690,128
31065,J.D. Martinez,2018,BOS,6.4,37,2,569,.330,69,1,150,188,43,.402,1.031,111,130,6,.629,146
31065,J.D. Martinez,2019,BOS,--,33,2,575,.304,72,0,146,175,36,.383,.940,98,105,2,.557,138
31728,Andrelton Simmons,2012,ATL,2.8,8,2,166,.289,12,0,49,48,3,.335,.751,17,19,1,.416,21
31728,Andrelton Simmons,2013,ATL,6.7,27,6,606,.248,40,5,157,150,17,.296,.692,76,59,6,.396,55
31728,Andrelton Simmons,2014,ATL,3.5,18,4,540,.244,32,5,146,132,7,.286,.617,44,46,4,.331,60
31728,Andrelton Simmons,2015,ATL,4.0,23,2,535,.265,39,3,147,142,4,.321,.659,60,44,5,.338,48
31728,Andrelton Simmons,2016,LAA,4.2,22,2,448,.281,28,1,124,126,4,.324,.690,48,44,10,.366,38
31728,Andrelton Simmons,2017,LAA,7.1,38,2,589,.278,47,6,158,164,14,.331,.752,77,69,19,.421,67
31728,Andrelton Simmons,2018,LAA,6.2,26,5,554,.292,35,2,146,162,11,.337,.754,68,75,10,.417,44
31728,Andrelton Simmons,2019,LAA,--,19,0,398,.264,24,2,103,105,7,.309,.673,47,40,10,.364,37
32771,Mitch Haniger,2016,ARI,0.1,2,1,109,.229,12,0,34,25,5,.309,.713,9,17,0,.404,27
32771,Mitch Haniger,2017,SEA,3.0,25,2,369,.282,31,4,96,104,16,.352,.843,58,47,5,.491,93
32771,Mitch Haniger,2018,SEA,6.1,38,4,596,.285,70,2,157,170,26,.366,.859,90,93,8,.493,148
32771,Mitch Haniger,2019,SEA,--,13,1,246,.220,30,0,63,54,15,.314,.777,46,32,4,.463,81
30193,Freddie Freeman,2010,ATL,-0.2,1,0,24,.167,0,0,20,4,1,.167,.500,3,1,0,.333,8
30193,Freddie Freeman,2011,ATL,1.4,32,0,571,.282,53,4,157,161,21,.346,.794,67,76,4,.448,142
30193,Freddie Freeman,2012,ATL,2.1,33,2,540,.259,64,0,147,140,23,.340,.796,91,94,2,.456,129
30193,Freddie Freeman,2013,ATL,5.5,27,2,551,.319,66,0,147,176,23,.396,.897,89,109,1,.501,121
30193,Freddie Freeman,2014,ATL,3.1,43,4,607,.288,90,4,162,175,18,.386,.847,93,78,3,.461,145
30193,Freddie Freeman,2015,ATL,3.4,27,0,416,.276,56,1,118,115,18,.370,.841,62,66,3,.471,98
30193,Freddie Freeman,2016,ATL,6.5,43,6,589,.302,89,1,158,178,34,.400,.969,102,91,6,.569,171
30193,Freddie Freeman,2017,ATL,4.5,35,2,440,.307,65,5,117,135,28,.403,.989,84,71,8,.586,95
30193,Freddie Freeman,2018,ATL,6.1,44,4,618,.309,76,3,162,191,23,.388,.893,94,98,10,.505,132
30193,Freddie Freeman,2019,ATL,--,34,2,597,.295,87,3,158,176,38,.389,.938,113,121,6,.549,127
31097,Manny Machado,2012,BAL,1.5,8,3,191,.262,9,0,51,50,7,.294,.739,24,26,2,.445,38
31097,Manny Machado,2013,BAL,6.5,51,3,667,.283,29,7,156,189,14,.314,.746,88,71,6,.432,113
31097,Manny Machado,2014,BAL,2.4,14,0,327,.278,20,0,82,91,12,.324,.755,38,32,2,.431,68
31097,Manny Machado,2015,BAL,7.1,30,1,633,.286,70,8,162,181,35,.359,.861,102,86,20,.502,111
31097,Manny Machado,2016,BAL,6.7,40,1,640,.294,48,3,157,188,37,.343,.876,105,96,0,.533,120
31097,Manny Machado,2017,BAL,3.5,33,1,630,.259,50,4,156,163,33,.310,.781,81,95,9,.471,115
31097,Manny Machado,2018,BAL,2.9,21,1,365,.315,45,1,96,115,24,.387,.962,48,65,8,.575,51
31097,Manny Machado,2018,LAD,2.8,14,2,267,.273,25,1,66,73,13,.338,.825,36,42,6,.487,53
31097,Manny Machado,2018,Total,5.7,35,3,632,.297,70,2,162,188,37,.367,.905,84,107,14,.538,104
31097,Manny Machado,2019,SD,--,21,2,587,.256,65,3,156,150,32,.334,.796,81,85,5,.462,128
32422,Whit Merrifield,2016,KC,1.6,22,3,311,.283,19,3,81,88,2,.323,.715,44,29,8,.392,72
32422,Whit Merrifield,2017,KC,3.9,32,6,587,.288,29,8,145,169,19,.324,.784,80,78,34,.460,88
32422,Whit Merrifield,2018,KC,5.5,43,3,632,.304,61,10,158,192,12,.367,.805,88,60,45,.438,114
32422,Whit Merrifield,2019,KC,--,41,10,681,.302,45,10,162,206,16,.348,.811,105,74,20,.463,126
31027,Paul Goldschmidt,2011,ARI,0.3,9,1,156,.250,20,0,48,39,8,.333,.807,28,26,4,.474,53
31027,Paul Goldschmidt,2012,ARI,3.1,43,1,514,.286,60,3,145,147,20,.359,.849,82,82,18,.490,130
31027,Paul Goldschmidt,2013,ARI,7.0,36,3,602,.302,99,7,160,182,36,.401,.952,103,125,15,.551,145
31027,Paul Goldschmidt,2014,ARI,4.5,39,1,406,.300,64,3,109,122,19,.396,.938,75,69,9,.542,110
31027,Paul Goldschmidt,2015,ARI,8.8,38,2,567,.321,118,5,159,182,33,.435,1.005,103,110,21,.570,151
31027,Paul Goldschmidt,2016,ARI,4.8,33,3,579,.297,110,5,158,172,24,.411,.900,106,95,32,.489,150
31027,Paul Goldschmidt,2017,ARI,5.8,34,3,558,.297,94,5,155,166,36,.404,.967,117,120,18,.563,147
31027,Paul Goldschmidt,2018,ARI,5.4,35,5,593,.290,90,4,158,172,33,.389,.922,95,83,7,.533,173
31027,Paul Goldschmidt,2019,STL,--,25,1,597,.260,78,1,161,155,34,.346,.822,97,97,3,.476,166
31662,Jose Altuve,2011,HOU,0.6,10,1,221,.276,5,3,57,61,2,.297,.654,26,12,7,.357,29
31662,Jose Altuve,2012,HOU,1.3,34,4,576,.290,40,11,147,167,7,.340,.739,80,37,33,.399,74
31662,Jose Altuve,2013,HOU,1.1,31,2,626,.283,32,13,152,177,5,.316,.679,64,52,35,.363,85
31662,Jose Altuve,2014,HOU,6.0,47,3,660,.341,36,9,158,225,7,.377,.830,85,59,56,.453,53
31662,Jose Altuve,2015,HOU,4.5,40,4,638,.313,33,13,154,200,15,.353,.812,86,66,38,.459,67
31662,Jose Altuve,2016,HOU,7.7,42,5,640,.338,60,10,161,216,24,.396,.927,108,96,30,.531,70
31662,Jose Altuve,2017,HOU,8.3,39,4,590,.346,58,6,153,204,24,.410,.957,112,81,32,.547,84
31662,Jose Altuve,2018,HOU,5.2,29,2,534,.316,55,4,137,169,13,.386,.837,84,61,17,.451,79
31662,Jose Altuve,2019,HOU,--,27,3,500,.298,41,5,124,149,31,.353,.903,89,74,6,.550,82
31015,Matt Carpenter,2011,STL,-0.2,1,0,15,.067,4,0,7,1,0,.263,.396,0,0,0,.133,4
31015,Matt Carpenter,2012,STL,1.0,22,5,296,.294,34,1,114,87,6,.365,.828,44,46,1,.463,63
31015,Matt Carpenter,2013,STL,6.6,55,7,626,.318,72,3,157,199,11,.392,.873,126,78,3,.481,98
31015,Matt Carpenter,2014,STL,3.0,33,2,595,.272,95,3,158,162,8,.375,.750,99,59,5,.375,111
31015,Matt Carpenter,2015,STL,4.0,44,3,574,.272,81,3,154,156,28,.365,.870,101,84,4,.505,151
31015,Matt Carpenter,2016,STL,3.4,36,6,473,.271,81,4,129,128,21,.380,.885,81,68,0,.505,108
31015,Matt Carpenter,2017,STL,2.9,31,2,497,.241,109,1,145,120,23,.384,.835,91,69,2,.451,125
31015,Matt Carpenter,2018,STL,4.9,42,0,564,.257,102,1,156,145,36,.374,.897,111,81,4,.523,158
31015,Matt Carpenter,2019,STL,--,20,2,416,.226,63,1,129,94,15,.334,.726,59,46,6,.392,129
29074,Jed Lowrie,2008,BOS,1.3,25,3,260,.258,35,0,81,67,2,.339,.739,34,46,1,.400,68
29074,Jed Lowrie,2009,BOS,-0.6,2,0,68,.147,6,0,32,10,2,.211,.476,5,11,0,.265,20
29074,Jed Lowrie,2010,BOS,1.5,14,0,171,.287,25,1,55,49,9,.381,.907,31,24,1,.526,25
29074,Jed Lowrie,2011,BOS,0.3,14,4,309,.252,23,1,88,78,6,.303,.685,40,36,1,.382,60
29074,Jed Lowrie,2012,HOU,2.1,18,0,340,.244,43,0,97,83,16,.331,.769,43,42,2,.438,65
29074,Jed Lowrie,2013,OAK,2.3,45,2,603,.290,50,0,154,175,15,.344,.790,80,75,1,.446,91
29074,Jed Lowrie,2014,OAK,0.8,29,3,502,.249,51,0,136,125,6,.321,.676,59,50,0,.355,79
29074,Jed Lowrie,2015,HOU,1.0,14,0,230,.222,28,0,69,51,9,.312,.712,35,30,1,.400,43
29074,Jed Lowrie,2016,OAK,-0.4,12,1,338,.263,26,0,87,89,2,.314,.636,30,27,0,.322,65
29074,Jed Lowrie,2017,OAK,4.0,49,3,567,.277,73,1,153,157,14,.360,.808,86,69,0,.448,100
29074,Jed Lowrie,2018,OAK,4.8,37,1,596,.267,78,0,157,159,23,.353,.801,78,99,0,.448,128
29074,Jed Lowrie,2019,NYM,--,0,0,7,.000,1,0,9,0,0,.125,.125,0,0,0,.000,4
31253,Aaron Hicks,2013,MIN,0.7,11,3,281,.192,24,3,81,54,8,.259,.597,37,27,9,.338,84
31253,Aaron Hicks,2014,MIN,0.2,8,0,186,.215,36,3,69,40,1,.341,.615,22,18,4,.274,56
31253,Aaron Hicks,2015,MIN,1.3,11,3,352,.256,34,3,97,90,11,.323,.721,48,33,13,.398,66
31253,Aaron Hicks,2016,NYY,-0.3,13,1,327,.217,30,4,123,71,8,.281,.617,32,31,3,.336,68
31253,Aaron Hicks,2017,NYY,3.9,18,0,301,.266,51,5,88,80,15,.372,.847,54,52,10,.475,67
31253,Aaron Hicks,2018,NYY,4.7,18,3,480,.248,90,2,137,119,27,.366,.833,90,79,11,.467,111
31253,Aaron Hicks,2019,NYY,--,10,0,221,.235,31,2,59,52,12,.325,.768,41,36,1,.443,72
29607,Justin Turner,2009,BAL,0.2,0,0,18,.167,4,0,12,3,0,.318,.485,2,3,0,.167,3
29607,Justin Turner,2010,BAL,-0.4,0,0,9,.000,0,0,5,0,0,.000,.000,0,0,0,.000,3
29607,Justin Turner,2010,NYM,-0.2,1,0,8,.125,1,0,4,1,0,.222,.472,1,0,0,.250,0
29607,Justin Turner,2010,Total,-0.6,1,0,17,.059,1,0,9,1,0,.111,.229,1,0,0,.118,3
29607,Justin Turner,2011,NYM,-0.1,30,0,435,.260,39,2,117,113,4,.334,.690,49,51,7,.356,59
29607,Justin Turner,2012,NYM,0.2,13,1,171,.269,9,1,94,46,2,.319,.711,20,19,1,.392,24
29607,Justin Turner,2013,NYM,0.9,13,1,200,.280,11,1,86,56,2,.319,.704,12,16,0,.385,34
29607,Justin Turner,2014,LAD,4.3,21,1,288,.340,28,1,109,98,7,.404,.897,46,43,6,.493,58
29607,Justin Turner,2015,LAD,3.9,26,1,385,.294,36,2,126,113,16,.370,.861,55,60,5,.491,71
29607,Justin Turner,2016,LAD,5.0,34,3,556,.275,48,1,151,153,27,.339,.832,79,90,4,.493,107
29607,Justin Turner,2017,LAD,5.7,32,0,457,.322,59,1,130,147,21,.415,.945,72,71,7,.530,56
29607,Justin Turner,2018,LAD,4.5,31,1,365,.312,47,1,103,114,14,.406,.924,62,52,2,.518,54
29607,Justin Turner,2019,LAD,--,24,0,479,.290,51,0,135,139,27,.372,.881,80,67,2,.509,88
32159,Brandon Nimmo,2016,NYM,0.1,1,0,73,.274,6,0,32,20,1,.338,.667,12,6,0,.329,20
32159,Brandon Nimmo,2017,NYM,0.9,11,1,177,.260,33,0,69,46,5,.379,.797,26,21,2,.418,60
32159,Brandon Nimmo,2018,NYM,4.4,28,8,433,.263,80,6,140,114,17,.404,.887,77,47,9,.483,140
32159,Brandon Nimmo,2019,NYM,--,11,1,199,.221,46,0,69,44,8,.375,.782,34,29,3,.407,71
31037,Jean Segura,2012,LAA,0.0,0,0,3,.000,0,0,1,0,0,.000,.000,0,0,0,.000,2
31037,Jean Segura,2012,MIL,0.1,4,3,148,.264,13,1,44,39,0,.321,.652,19,14,7,.331,21
31037,Jean Segura,2012,Total,0.1,4,3,151,.258,13,1,45,39,0,.315,.640,19,14,7,.325,23
31037,Jean Segura,2013,MIL,3.9,20,10,588,.294,25,13,146,173,12,.329,.752,74,49,44,.423,84
31037,Jean Segura,2014,MIL,0.6,14,6,513,.246,28,9,146,126,5,.289,.615,61,31,20,.326,70
31037,Jean Segura,2015,MIL,-0.0,16,5,560,.257,13,6,142,144,6,.281,.617,57,50,25,.336,93
31037,Jean Segura,2016,ARI,5.7,41,7,637,.319,39,10,153,203,20,.368,.867,102,64,33,.499,101
31037,Jean Segura,2017,SEA,3.1,30,2,524,.300,34,8,125,157,11,.349,.776,80,45,22,.427,83
31037,Jean Segura,2018,SEA,4.3,29,3,586,.304,32,11,144,178,10,.341,.756,91,63,20,.415,69
31037,Jean Segura,2019,PHI,--,37,4,576,.280,30,2,144,161,12,.323,.743,79,60,10,.420,73
33017,Joey Wendle,2016,OAK,0.4,1,0,96,.260,6,0,28,25,1,.298,.600,11,11,2,.302,16
33017,Joey Wendle,2017,OAK,0.1,1,0,13,.308,1,0,8,4,1,.357,.972,3,5,0,.615,3
33017,Joey Wendle,2018,TB,4.3,33,6,487,.300,37,4,139,146,7,.354,.789,62,61,16,.435,96
33017,Joey Wendle,2019,TB,--,13,2,238,.231,14,3,75,55,3,.293,.633,32,19,8,.340,47
32177,J.T. Realmuto,2014,MIA,0.1,1,1,29,.241,1,0,11,7,0,.267,.612,4,9,0,.345,8
32177,J.T. Realmuto,2015,MIA,2.2,21,7,441,.259,19,4,126,114,10,.290,.696,49,47,8,.406,70
32177,J.T. Realmuto,2016,MIA,2.6,31,0,509,.303,28,4,137,154,11,.343,.771,60,48,12,.428,100
32177,J.T. Realmuto,2017,MIA,3.6,31,5,532,.278,36,2,141,148,17,.332,.783,68,65,8,.451,106
32177,J.T. Realmuto,2018,MIA,4.3,30,3,477,.277,38,2,125,132,21,.340,.824,74,74,3,.484,104
32177,J.T. Realmuto,2019,PHI,--,36,3,538,.275,41,1,145,148,25,.328,.821,92,83,9,.493,123
31376,Didi Gregorius,2012,CIN,0.1,0,0,20,.300,0,0,8,6,0,.300,.600,1,2,0,.300,5
31376,Didi Gregorius,2013,ARI,1.4,16,3,357,.252,37,2,103,90,7,.332,.705,47,28,0,.373,65
31376,Didi Gregorius,2014,ARI,1.1,9,5,270,.226,22,0,80,61,6,.290,.653,35,27,3,.363,52
31376,Didi Gregorius,2015,NYY,3.3,24,2,525,.265,33,3,155,139,9,.318,.688,57,56,5,.370,85
31376,Didi Gregorius,2016,NYY,2.2,32,2,562,.276,19,1,153,155,20,.304,.751,68,70,7,.447,82
31376,Didi Gregorius,2017,NYY,3.7,27,0,534,.287,25,1,136,153,25,.318,.796,73,87,3,.478,70
31376,Didi Gregorius,2018,NYY,4.2,23,5,504,.268,48,6,134,135,27,.335,.829,89,86,10,.494,69
31376,Didi Gregorius,2019,NYY,--,14,2,324,.238,17,1,82,77,16,.276,.717,47,61,2,.441,53
30583,Giancarlo Stanton,2010,FLA,2.7,21,1,359,.259,34,2,100,93,22,.326,.833,45,59,5,.507,123
30583,Giancarlo Stanton,2011,FLA,3.9,30,5,516,.262,70,5,150,135,34,.356,.893,79,87,5,.537,166
30583,Giancarlo Stanton,2012,MIA,5.4,30,1,449,.290,46,2,123,130,37,.361,.969,75,86,6,.608,143
30583,Giancarlo Stanton,2013,MIA,2.4,26,0,425,.249,74,0,116,106,24,.365,.845,62,62,1,.480,140
30583,Giancarlo Stanton,2014,MIA,6.5,31,1,539,.288,94,1,145,155,37,.395,.950,89,105,13,.555,170
30583,Giancarlo Stanton,2015,MIA,3.7,12,1,279,.265,34,2,74,74,27,.346,.952,47,67,4,.606,95
30583,Giancarlo Stanton,2016,MIA,2.5,20,1,413,.240,50,0,119,99,27,.326,.815,56,74,0,.489,140
30583,Giancarlo Stanton,2017,MIA,7.6,32,0,597,.281,85,2,159,168,59,.376,1.007,123,132,2,.631,163
30583,Giancarlo Stanton,2018,NYY,4.0,34,1,617,.266,70,0,158,164,38,.343,.852,102,100,5,.509,211
30583,Giancarlo Stanton,2019,NYY,--,3,0,59,.288,12,0,18,17,3,.403,.895,8,13,0,.492,24
28670,Joey Votto,2007,CIN,0.0,7,0,84,.321,5,0,24,27,4,.360,.908,11,17,1,.548,15
28670,Joey Votto,2008,CIN,3.1,32,3,526,.297,59,5,151,156,24,.368,.874,69,84,7,.506,102
28670,Joey Votto,2009,CIN,4.6,38,1,469,.322,70,1,131,151,25,.414,.981,82,84,4,.567,106
28670,Joey Votto,2010,CIN,6.7,36,2,547,.324,91,5,150,177,37,.424,1.024,106,113,16,.600,125
28670,Joey Votto,2011,CIN,6.2,40,3,599,.309,110,6,161,185,29,.416,.947,101,103,8,.531,129
28670,Joey Votto,2012,CIN,5.6,44,0,374,.337,94,3,111,126,14,.474,1.041,59,56,5,.567,85
28670,Joey Votto,2013,CIN,6.4,30,3,581,.305,135,3,162,177,24,.435,.926,101,73,6,.491,138
28670,Joey Votto,2014,CIN,1.9,16,0,220,.255,47,1,62,56,6,.390,.799,32,23,1,.409,49
28670,Joey Votto,2015,CIN,7.6,33,2,545,.314,143,3,158,171,29,.459,1.000,95,80,11,.541,135
28670,Joey Votto,2016,CIN,4.0,34,2,556,.326,108,1,158,181,29,.434,.984,101,97,8,.550,120
28670,Joey Votto,2017,CIN,7.5,34,1,559,.320,134,1,162,179,36,.454,1.032,106,100,5,.578,83
28670,Joey Votto,2018,CIN,3.5,28,2,503,.284,108,0,145,143,12,.417,.836,67,67,2,.419,101
28670,Joey Votto,2019,CIN,--,32,1,525,.261,76,0,144,137,15,.357,.768,79,47,5,.411,123
31208,Tommy Pham,2014,STL,-0.1,0,0,2,.000,0,0,6,0,0,.000,.000,0,0,0,.000,2
31208,Tommy Pham,2015,STL,1.5,7,5,153,.268,19,0,52,41,5,.347,.824,28,18,2,.477,41
31208,Tommy Pham,2016,STL,-0.1,7,0,159,.226,20,2,78,36,9,.324,.764,26,17,2,.440,71
31208,Tommy Pham,2017,STL,6.4,22,2,444,.306,71,7,128,136,23,.411,.931,95,73,25,.520,117
31208,Tommy Pham,2018,STL,0.8,11,0,351,.248,42,6,98,87,14,.331,.730,67,41,10,.399,97
31208,Tommy Pham,2018,TB,2.6,7,6,143,.343,25,1,39,49,7,.448,1.070,35,22,5,.622,43
31208,Tommy Pham,2018,Total,3.4,18,6,494,.275,67,7,137,136,21,.367,.831,102,63,15,.464,140
31208,Tommy Pham,2019,TB,--,33,2,567,.273,81,4,145,155,21,.369,.819,77,68,25,.450,123
32653,Carlos Correa,2015,HOU,4.1,22,1,387,.279,40,4,99,108,22,.345,.857,52,68,14,.512,78
32653,Carlos Correa,2016,HOU,6.0,36,3,577,.274,75,3,153,158,20,.361,.812,76,96,13,.451,139
32653,Carlos Correa,2017,HOU,6.3,25,1,422,.315,53,1,109,133,24,.391,.941,82,84,2,.550,92
32653,Carlos Correa,2018,HOU,1.7,20,1,402,.239,53,0,110,96,15,.323,.728,60,65,3,.405,111
32653,Carlos Correa,2019,HOU,--,16,1,280,.279,35,0,75,78,21,.358,.926,42,59,1,.568,75
33172,Kris Bryant,2015,CHC,6.0,31,5,559,.275,77,4,151,154,26,.369,.857,87,99,13,.488,199
33172,Kris Bryant,2016,CHC,7.7,35,3,603,.292,75,5,155,176,39,.385,.939,121,102,8,.554,154
33172,Kris Bryant,2017,CHC,6.1,38,4,549,.295,95,5,151,162,29,.409,.946,111,73,7,.537,128
33172,Kris Bryant,2018,CHC,1.9,28,3,389,.272,48,4,102,106,13,.374,.834,59,52,2,.460,107
33172,Kris Bryant,2019,CHC,--,35,1,543,.282,74,0,147,153,31,.382,.903,108,77,4,.521,145
31084,Charlie Blackmon,2011,COL,-0.7,1,0,98,.255,3,1,27,25,1,.277,.573,9,8,5,.296,8
31084,Charlie Blackmon,2012,COL,0.1,8,0,113,.283,4,2,42,32,2,.325,.732,15,9,1,.407,17
31084,Charlie Blackmon,2013,COL,0.8,17,2,246,.309,7,0,82,76,6,.336,.803,35,22,7,.467,49
31084,Charlie Blackmon,2014,COL,2.1,27,3,593,.288,31,10,154,171,19,.335,.775,82,72,28,.440,96
31084,Charlie Blackmon,2015,COL,2.3,31,9,614,.287,46,13,157,176,17,.347,.797,93,58,43,.450,112
31084,Charlie Blackmon,2016,COL,4.4,35,5,578,.324,43,9,143,187,29,.381,.933,111,82,17,.552,102
31084,Charlie Blackmon,2017,COL,6.0,35,14,644,.331,65,10,159,213,37,.399,1.000,137,104,14,.601,135
31084,Charlie Blackmon,2018,COL,0.8,31,7,626,.291,59,4,156,182,29,.358,.860,119,70,12,.502,134
31084,Charlie Blackmon,2019,COL,--,42,7,580,.314,40,5,140,182,32,.364,.940,112,86,2,.576,104
31668,Marcell Ozuna,2013,MIA,0.6,17,4,275,.265,13,1,70,73,3,.303,.692,31,32,5,.389,57
31668,Marcell Ozuna,2014,MIA,4.4,26,5,565,.269,41,1,153,152,23,.317,.772,72,85,3,.455,164
31668,Marcell Ozuna,2015,MIA,0.4,27,0,459,.259,30,3,123,119,10,.308,.691,47,44,2,.383,110
31668,Marcell Ozuna,2016,MIA,2.5,23,6,557,.266,43,3,148,148,23,.321,.773,75,76,0,.452,115
31668,Marcell Ozuna,2017,MIA,5.8,30,2,613,.312,64,3,159,191,37,.376,.924,93,124,1,.548,144
31668,Marcell Ozuna,2018,STL,2.9,16,2,582,.280,38,0,148,163,23,.325,.758,69,88,3,.433,110
31668,Marcell Ozuna,2019,STL,--,23,1,485,.243,62,2,130,118,29,.330,.804,80,89,12,.474,114
28841,Justin Upton,2007,ARI,-0.6,8,3,140,.221,11,0,43,31,2,.283,.647,17,11,2,.364,37
28841,Justin Upton,2008,ARI,0.7,19,6,356,.250,54,4,108,89,15,.353,.816,52,42,1,.463,121
28841,Justin Upton,2009,ARI,3.8,30,7,526,.300,55,5,138,158,26,.366,.898,84,86,20,.532,137
28841,Justin Upton,2010,ARI,1.4,27,3,495,.273,64,8,133,135,17,.356,.798,73,69,18,.442,152
28841,Justin Upton,2011,ARI,5.7,39,5,592,.289,59,9,159,171,31,.369,.898,105,88,21,.529,126
28841,Justin Upton,2012,ARI,2.1,24,4,554,.280,63,8,150,155,17,.355,.785,107,67,18,.430,121
28841,Justin Upton,2013,ATL,2.6,27,2,558,.263,75,1,149,147,27,.354,.818,94,70,8,.464,161
28841,Justin Upton,2014,ATL,3.3,34,2,566,.270,60,4,154,153,29,.342,.833,77,102,8,.491,171
28841,Justin Upton,2015,SD,4.4,26,3,542,.251,68,5,150,136,26,.336,.790,85,81,19,.454,159
28841,Justin Upton,2016,DET,2.0,28,2,570,.246,50,4,153,140,31,.310,.775,81,87,9,.465,179
28841,Justin Upton,2017,LAA,0.5,7,0,98,.245,17,0,27,24,7,.357,.888,19,15,4,.531,33
28841,Justin Upton,2017,DET,5.2,37,0,459,.279,57,5,125,128,28,.362,.904,81,94,10,.542,147
28841,Justin Upton,2017,Total,5.6,44,0,557,.273,74,5,152,152,35,.361,.901,100,109,14,.540,180
28841,Justin Upton,2018,LAA,3.8,18,1,533,.257,64,2,145,137,30,.344,.807,80,85,8,.463,176
28841,Justin Upton,2019,LAA,--,8,0,219,.215,32,1,63,47,12,.309,.725,34,40,1,.416,78
32691,Corey Seager,2015,LAD,1.8,8,1,98,.337,14,0,27,33,4,.425,.986,17,17,2,.561,19
32691,Corey Seager,2016,LAD,6.1,40,5,627,.308,54,3,157,193,26,.365,.877,105,72,3,.512,133
32691,Corey Seager,2017,LAD,5.6,33,0,539,.295,67,2,145,159,22,.375,.854,85,77,4,.479,131
32691,Corey Seager,2018,LAD,0.4,5,1,101,.267,11,0,26,27,2,.348,.744,13,13,0,.396,17
32691,Corey Seager,2019,LAD,--,44,1,489,.272,44,0,134,133,19,.335,.818,82,87,1,.483,98
32655,Byron Buxton,2015,MIN,0.2,7,1,129,.209,6,2,46,27,2,.250,.576,16,6,2,.326,44
32655,Byron Buxton,2016,MIN,1.9,19,6,298,.225,23,2,92,67,10,.284,.714,44,38,10,.430,118
32655,Byron Buxton,2017,MIN,5.1,14,6,462,.253,38,1,140,117,16,.314,.727,69,51,29,.413,150
32655,Byron Buxton,2018,MIN,-0.3,4,0,90,.156,3,0,28,14,0,.183,.383,8,4,5,.200,28
32655,Byron Buxton,2019,MIN,--,30,4,271,.262,19,3,87,71,10,.314,.827,48,46,14,.513,68
31988,Jonathan Schoop,2013,BAL,-0.0,0,0,14,.286,1,0,5,4,1,.333,.833,5,1,0,.500,2
31988,Jonathan Schoop,2014,BAL,1.6,18,0,455,.209,13,0,137,95,16,.244,.598,48,45,2,.354,122
31988,Jonathan Schoop,2015,BAL,1.4,17,0,305,.279,9,0,86,85,15,.306,.788,34,39,2,.482,79
31988,Jonathan Schoop,2016,BAL,2.1,38,1,615,.267,21,2,162,164,25,.298,.752,82,82,1,.454,137
31988,Jonathan Schoop,2017,BAL,5.1,35,0,622,.293,35,0,160,182,32,.338,.841,92,105,1,.503,142
31988,Jonathan Schoop,2018,BAL,1.3,18,1,349,.244,12,1,85,85,17,.273,.720,45,40,0,.447,74
31988,Jonathan Schoop,2018,MIL,0.1,4,0,124,.202,7,0,46,25,4,.246,.577,16,21,1,.331,41
31988,Jonathan Schoop,2018,Total,1.4,22,1,473,.233,19,1,131,110,21,.266,.682,61,61,1,.416,115
31988,Jonathan Schoop,2019,MIN,--,23,1,433,.256,20,1,121,111,23,.304,.777,61,59,1,.473,116
31446,Kevin Kiermaier,2013,TB,0.0,0,0,0,.000,0,0,1,0,0,.000,.000,0,0,0,.000,0
31446,Kevin Kiermaier,2014,TB,3.7,16,8,331,.263,23,4,108,87,10,.315,.765,35,35,5,.450,71
31446,Kevin Kiermaier,2015,TB,7.4,25,12,505,.263,24,5,151,133,10,.298,.718,62,40,18,.420,95
31446,Kevin Kiermaier,2016,TB,5.5,20,2,366,.246,40,3,105,90,12,.331,.741,55,37,21,.410,74
31446,Kevin Kiermaier,2017,TB,5.1,15,3,380,.276,31,7,98,105,15,.338,.788,56,39,16,.450,99
31446,Kevin Kiermaier,2018,TB,2.5,12,9,332,.217,25,5,88,72,7,.282,.652,44,29,10,.370,91
31446,Kevin Kiermaier,2019,TB,--,20,7,447,.228,26,5,129,102,14,.278,.676,60,55,19,.398,104
30466,Zack Cozart,2011,CIN,0.7,0,0,37,.324,0,0,11,12,2,.324,.810,6,3,0,.486,6
30466,Zack Cozart,2012,CIN,2.3,33,4,561,.246,31,0,138,138,15,.288,.687,72,35,4,.399,113
30466,Zack Cozart,2013,CIN,1.6,30,3,567,.254,26,0,151,144,12,.284,.665,74,63,0,.381,102
30466,Zack Cozart,2014,CIN,2.4,18,5,506,.221,25,0,147,112,4,.268,.568,48,38,7,.300,79
30466,Zack Cozart,2015,CIN,2.0,10,1,194,.258,14,3,53,50,9,.310,.769,28,28,3,.459,29
30466,Zack Cozart,2016,CIN,2.0,28,2,464,.252,37,1,121,117,16,.308,.733,67,50,4,.425,84
30466,Zack Cozart,2017,CIN,4.9,24,7,438,.297,62,0,122,130,24,.385,.933,80,63,3,.548,78
30466,Zack Cozart,2018,LAA,0.1,13,2,224,.219,19,0,58,49,5,.296,.658,29,18,0,.362,42
30466,Zack Cozart,2019,LAA,--,2,0,97,.124,5,0,38,12,0,.178,.322,4,7,0,.144,16
29174,Brett Gardner,2008,NYY,1.2,5,2,127,.228,8,1,42,29,0,.283,.582,18,16,13,.299,30
29174,Brett Gardner,2009,NYY,2.1,6,6,248,.270,26,5,108,67,3,.345,.724,48,23,26,.379,40
29174,Brett Gardner,2010,NYY,7.0,20,7,477,.277,79,9,150,132,5,.383,.762,97,47,47,.379,101
29174,Brett Gardner,2011,NYY,3.7,19,8,510,.259,60,13,159,132,7,.345,.714,87,36,49,.369,93
29174,Brett Gardner,2012,NYY,0.2,2,0,31,.323,5,2,16,10,0,.417,.804,7,3,2,.387,7
29174,Brett Gardner,2013,NYY,4.2,33,10,539,.273,52,8,145,147,8,.344,.760,81,52,24,.416,127
29174,Brett Gardner,2014,NYY,4.0,25,8,555,.256,56,5,148,142,17,.327,.749,87,58,21,.422,134
29174,Brett Gardner,2015,NYY,3.3,26,3,571,.259,68,5,151,148,16,.343,.742,94,66,20,.399,135
29174,Brett Gardner,2016,NYY,3.4,22,6,547,.261,70,4,148,143,7,.351,.713,80,41,16,.362,106
29174,Brett Gardner,2017,NYY,4.9,26,4,594,.264,72,5,151,157,21,.350,.778,96,63,23,.428,122
29174,Brett Gardner,2018,NYY,2.8,20,7,530,.236,65,2,140,125,12,.322,.690,95,45,16,.368,107
29174,Brett Gardner,2019,NYY,--,26,7,491,.251,52,2,141,123,28,.325,.828,86,74,10,.503,108
32900,Chris Taylor,2014,SEA,1.5,8,0,136,.287,11,2,47,39,0,.347,.693,16,9,5,.346,39
32900,Chris Taylor,2015,SEA,-0.8,3,1,94,.170,6,2,37,16,0,.220,.443,9,1,3,.223,31
32900,Chris Taylor,2016,SEA,0.0,0,0,3,.333,0,0,2,1,0,.333,.666,0,0,0,.333,2
32900,Chris Taylor,2016,LAD,-0.1,2,2,58,.207,4,0,34,12,1,.258,.620,8,7,0,.362,13
32900,Chris Taylor,2016,Total,-0.1,2,2,61,.213,4,0,36,13,1,.262,.623,8,7,0,.361,15
32900,Chris Taylor,2017,LAD,4.8,34,5,514,.288,50,4,140,148,21,.354,.850,85,72,17,.496,142
32900,Chris Taylor,2018,LAD,4.1,35,8,536,.254,55,6,155,136,17,.331,.775,85,63,9,.444,178
32900,Chris Taylor,2019,LAD,--,29,4,366,.262,37,0,124,96,12,.333,.795,52,52,8,.462,115
33095,Jose Abreu,2014,CHW,5.5,35,2,556,.317,51,1,145,176,36,.383,.964,80,107,3,.581,131
33095,Jose Abreu,2015,CHW,3.8,34,3,613,.290,39,0,154,178,30,.347,.849,88,101,0,.502,140
33095,Jose Abreu,2016,CHW,2.8,32,1,624,.293,47,2,159,183,25,.353,.821,67,100,0,.468,125
33095,Jose Abreu,2017,CHW,4.7,43,6,621,.304,35,0,156,189,33,.354,.906,95,102,3,.552,119
33095,Jose Abreu,2018,CHW,1.7,36,1,499,.265,37,0,128,132,22,.325,.798,68,78,2,.473,109
33095,Jose Abreu,2019,CHW,--,38,1,634,.284,36,2,159,180,33,.330,.833,85,123,2,.503,152
29515,Elvis Andrus,2009,TEX,3.3,17,8,480,.267,40,6,145,128,6,.329,.702,72,40,33,.373,77
29515,Elvis Andrus,2010,TEX,0.9,15,3,588,.265,64,15,148,156,0,.342,.643,88,35,32,.301,96
29515,Elvis Andrus,2011,TEX,4.0,27,3,587,.279,56,12,150,164,5,.347,.708,96,60,37,.361,74
29515,Elvis Andrus,2012,TEX,3.4,31,9,629,.286,57,10,158,180,3,.349,.727,85,62,21,.378,96
29515,Elvis Andrus,2013,TEX,4.3,17,4,620,.271,52,8,156,168,4,.328,.659,91,67,42,.331,97
29515,Elvis Andrus,2014,TEX,1.0,35,1,619,.263,46,15,157,163,2,.314,.647,72,41,27,.333,96
29515,Elvis Andrus,2015,TEX,2.1,34,2,596,.258,46,9,160,154,7,.309,.666,69,62,25,.357,78
29515,Elvis Andrus,2016,TEX,3.7,31,7,506,.302,47,8,147,153,8,.362,.801,75,69,24,.439,70
29515,Elvis Andrus,2017,TEX,4.7,44,4,643,.297,38,10,158,191,20,.337,.808,100,88,25,.471,101
29515,Elvis Andrus,2018,TEX,1.7,20,3,395,.256,28,3,97,101,6,.308,.675,53,33,5,.367,66
29515,Elvis Andrus,2019,TEX,--,27,4,600,.275,34,8,147,165,12,.313,.706,81,72,31,.393,96
30951,Bryce Harper,2012,WSH,5.0,26,9,533,.270,56,6,139,144,22,.340,.817,98,59,18,.477,120
30951,Bryce Harper,2013,WSH,3.8,24,3,424,.274,61,4,118,116,20,.368,.854,71,58,11,.486,94
30951,Bryce Harper,2014,WSH,1.0,10,2,352,.273,38,2,100,96,13,.344,.767,41,32,2,.423,104
30951,Bryce Harper,2015,WSH,9.9,38,1,521,.330,124,4,153,172,42,.460,1.109,118,99,6,.649,131
30951,Bryce Harper,2016,WSH,1.6,24,2,506,.243,108,10,147,123,24,.373,.814,84,86,21,.441,117
30951,Bryce Harper,2017,WSH,4.7,27,1,420,.319,68,2,111,134,29,.413,1.008,95,87,4,.595,99
30951,Bryce Harper,2018,WSH,1.3,34,0,550,.249,130,3,159,137,34,.393,.889,103,100,13,.496,169
30951,Bryce Harper,2019,PHI,--,36,1,573,.260,99,3,157,149,35,.372,.882,98,114,15,.510,178
30729,Avisail Garcia,2012,DET,-0.3,0,0,47,.319,3,2,23,15,0,.373,.692,7,3,0,.319,10
30729,Avisail Garcia,2013,CHW,0.3,4,2,161,.304,5,2,42,49,5,.327,.774,19,21,3,.447,38
30729,Avisail Garcia,2013,DET,-0.1,3,1,83,.241,4,1,30,20,2,.273,.646,12,10,0,.373,21
30729,Avisail Garcia,2013,Total,0.1,7,3,244,.283,9,3,72,69,7,.309,.731,31,31,3,.422,59
30729,Avisail Garcia,2014,CHW,-0.5,8,0,172,.244,14,1,46,42,7,.305,.718,19,29,4,.413,44
30729,Avisail Garcia,2015,CHW,-0.3,17,2,553,.257,36,7,148,142,13,.309,.674,66,59,7,.365,141
30729,Avisail Garcia,2016,CHW,0.8,18,2,413,.245,34,4,120,101,12,.307,.692,59,51,4,.385,115
30729,Avisail Garcia,2017,CHW,4.5,27,5,518,.330,33,3,136,171,18,.380,.886,75,80,5,.506,111
30729,Avisail Garcia,2018,CHW,0.3,11,2,356,.236,20,1,93,84,19,.281,.719,47,49,3,.438,102
30729,Avisail Garcia,2019,TB,--,25,2,489,.282,31,4,125,138,20,.332,.796,61,72,10,.464,125
31009,Brian Dozier,2012,MIN,0.5,11,1,316,.234,16,2,84,74,6,.271,.603,33,33,9,.332,58
31009,Brian Dozier,2013,MIN,3.8,33,4,558,.244,51,7,147,136,18,.312,.726,72,66,14,.414,120
31009,Brian Dozier,2014,MIN,5.2,33,1,598,.242,89,7,156,145,23,.345,.761,112,71,21,.416,129
31009,Brian Dozier,2015,MIN,2.4,39,4,628,.236,61,4,157,148,28,.307,.751,101,77,12,.444,148
31009,Brian Dozier,2016,MIN,6.5,35,5,615,.268,61,2,155,165,42,.340,.886,104,99,18,.546,138
31009,Brian Dozier,2017,MIN,4.4,30,4,617,.271,78,7,152,167,34,.359,.857,106,93,16,.498,141
31009,Brian Dozier,2018,MIN,1.0,21,2,410,.227,46,3,104,93,16,.307,.712,65,52,8,.405,96
31009,Brian Dozier,2018,LAD,-0.0,9,0,143,.182,24,0,47,26,5,.300,.650,16,20,4,.350,33
31009,Brian Dozier,2018,Total,1.0,30,2,553,.215,70,3,151,119,21,.305,.696,81,72,12,.391,129
31009,Brian Dozier,2019,WSH,--,20,0,416,.238,61,4,135,99,20,.340,.770,54,50,3,.430,105
6204,Robinson Cano,2005,NYY,0.5,34,4,522,.297,16,3,132,155,14,.320,.778,78,62,1,.458,68
6204,Robinson Cano,2006,NYY,2.9,41,1,482,.342,18,2,122,165,15,.365,.890,62,78,5,.525,54
6204,Robinson Cano,2007,NYY,6.3,41,7,617,.306,39,5,160,189,19,.353,.841,93,97,4,.488,85
6204,Robinson Cano,2008,NYY,-0.2,35,3,597,.271,26,4,159,162,14,.305,.715,70,72,2,.410,65
6204,Robinson Cano,2009,NYY,4.1,48,2,637,.320,30,7,161,204,25,.352,.872,103,85,5,.520,63
6204,Robinson Cano,2010,NYY,7.8,41,3,626,.319,57,2,160,200,29,.381,.915,103,109,3,.534,77
6204,Robinson Cano,2011,NYY,5.2,46,7,623,.302,38,2,159,188,28,.349,.882,104,118,8,.533,96
6204,Robinson Cano,2012,NYY,8.2,48,1,627,.313,61,2,161,196,33,.379,.929,105,94,3,.550,96
6204,Robinson Cano,2013,NYY,7.6,41,0,605,.314,65,1,160,190,27,.383,.899,81,107,7,.516,85
6204,Robinson Cano,2014,SEA,6.4,37,2,595,.314,61,3,157,187,14,.382,.836,77,82,10,.454,68
6204,Robinson Cano,2015,SEA,3.4,34,1,624,.287,43,6,156,179,21,.334,.780,82,79,2,.446,107
6204,Robinson Cano,2016,SEA,7.3,33,2,655,.298,47,1,161,195,39,.350,.883,107,103,0,.533,100
6204,Robinson Cano,2017,SEA,3.4,33,0,592,.280,49,0,150,166,23,.338,.791,79,97,1,.453,85
6204,Robinson Cano,2018,SEA,3.2,22,0,310,.303,32,0,80,94,10,.374,.845,44,50,0,.471,47
6204,Robinson Cano,2019,NYM,--,28,0,390,.256,25,0,107,100,13,.307,.735,46,39,0,.428,69
30819,Kyle Seager,2011,SEA,0.6,13,0,182,.258,13,1,53,47,3,.312,.691,22,13,3,.379,36
30819,Kyle Seager,2012,SEA,2.6,35,1,594,.259,46,5,155,154,20,.316,.739,62,86,13,.423,110
30819,Kyle Seager,2013,SEA,3.9,32,2,615,.260,68,3,160,160,22,.338,.764,79,69,9,.426,122
30819,Kyle Seager,2014,SEA,5.8,27,4,590,.268,52,5,159,158,25,.334,.788,71,96,7,.454,118
30819,Kyle Seager,2015,SEA,4.3,37,0,623,.266,54,6,161,166,26,.328,.779,85,74,6,.451,98
30819,Kyle Seager,2016,SEA,6.9,36,3,597,.278,69,1,158,166,30,.359,.858,89,99,3,.499,108
30819,Kyle Seager,2017,SEA,2.5,33,1,578,.249,58,1,154,144,27,.323,.773,72,88,2,.450,110
30819,Kyle Seager,2018,SEA,0.8,36,1,583,.221,38,2,155,129,22,.273,.673,62,78,2,.400,138
30819,Kyle Seager,2019,SEA,--,19,1,393,.239,44,2,106,94,23,.321,.789,55,63,2,.468,86
3878,Adrian Beltre,1998,LA,0.1,9,0,195,.215,14,1,77,42,7,.278,.647,18,22,3,.369,37
3878,Adrian Beltre,1999,LA,3.6,27,5,538,.275,61,7,152,148,15,.352,.780,84,67,18,.428,105
3878,Adrian Beltre,2000,LA,3.1,30,2,510,.290,56,5,138,148,20,.360,.835,71,85,12,.475,80
3878,Adrian Beltre,2001,LA,0.6,22,4,475,.265,28,4,126,126,13,.310,.721,59,60,13,.411,82
3878,Adrian Beltre,2002,LA,1.7,26,5,587,.257,37,5,159,151,21,.303,.729,70,75,7,.426,96
3878,Adrian Beltre,2003,LA,3.4,30,2,559,.240,37,2,158,134,23,.290,.714,50,80,2,.424,103
3878,Adrian Beltre,2004,LA,9.3,32,0,598,.334,53,2,156,200,48,.388,1.017,104,121,7,.629,87
3878,Adrian Beltre,2005,SEA,2.8,36,1,603,.255,38,1,156,154,19,.303,.716,69,87,3,.413,108
3878,Adrian Beltre,2006,SEA,5.1,39,4,620,.268,47,5,156,166,25,.328,.793,88,89,11,.465,118
3878,Adrian Beltre,2007,SEA,3.4,41,2,595,.276,38,2,149,164,26,.319,.801,87,99,14,.482,104
3878,Adrian Beltre,2008,SEA,5.3,29,1,556,.266,50,2,143,148,25,.327,.784,74,77,8,.457,90
3878,Adrian Beltre,2009,SEA,3.0,27,0,449,.265,19,2,111,119,8,.304,.683,54,44,13,.379,74
3878,Adrian Beltre,2010,BOS,7.4,49,2,589,.321,40,1,154,189,28,.365,.918,84,102,2,.553,82
3878,Adrian Beltre,2011,TEX,5.6,33,0,487,.296,25,1,124,144,32,.331,.892,82,105,1,.561,53
3878,Adrian Beltre,2012,TEX,6.6,33,2,604,.321,36,0,156,194,36,.359,.920,95,102,1,.561,82
3878,Adrian Beltre,2013,TEX,5.5,32,0,631,.315,50,0,161,199,30,.371,.880,88,92,1,.509,78
3878,Adrian Beltre,2014,TEX,7.0,33,1,549,.324,57,1,148,178,19,.388,.880,79,77,1,.492,74
3878,Adrian Beltre,2015,TEX,5.8,32,4,567,.287,41,0,143,163,18,.334,.787,83,83,1,.453,65
3878,Adrian Beltre,2016,TEX,6.5,31,1,583,.300,48,1,153,175,32,.358,.879,89,104,1,.521,66
3878,Adrian Beltre,2017,TEX,3.7,22,1,340,.312,39,0,94,106,17,.383,.915,47,71,1,.532,52
3878,Adrian Beltre,2018,TEX,2.2,23,1,433,.273,34,0,119,118,15,.328,.762,49,65,1,.434,96
32068,Adam Eaton,2012,ARI,0.8,3,2,85,.259,14,3,22,22,2,.382,.794,19,5,2,.412,15
32068,Adam Eaton,2013,ARI,-0.0,10,4,250,.252,17,2,66,63,3,.314,.674,40,22,5,.360,44
32068,Adam Eaton,2014,CHW,5.2,26,10,486,.300,43,9,123,146,1,.362,.763,76,35,15,.401,83
32068,Adam Eaton,2015,CHW,3.9,28,9,610,.287,58,8,153,175,14,.361,.792,98,56,18,.431,131
32068,Adam Eaton,2016,CHW,6.2,29,9,619,.284,63,5,157,176,14,.362,.790,91,59,14,.428,115
32068,Adam Eaton,2017,WSH,0.4,7,1,91,.297,14,1,23,27,2,.393,.855,24,13,3,.462,18
32068,Adam Eaton,2018,WSH,1.1,18,1,319,.301,38,1,95,96,5,.394,.805,55,33,9,.411,64
32068,Adam Eaton,2019,WSH,--,25,7,566,.279,65,3,151,158,15,.365,.793,103,49,15,.428,106
6197,Ian Kinsler,2006,TEX,1.6,27,1,423,.286,40,4,120,121,14,.347,.801,65,55,11,.454,64
6197,Ian Kinsler,2007,TEX,3.8,22,2,483,.263,62,2,130,127,20,.355,.796,96,61,23,.441,83
6197,Ian Kinsler,2008,TEX,4.6,41,4,518,.319,45,2,121,165,18,.375,.892,102,71,26,.517,67
6197,Ian Kinsler,2009,TEX,5.8,32,4,566,.253,59,5,144,143,31,.327,.815,101,86,31,.488,77
6197,Ian Kinsler,2010,TEX,3.8,20,1,391,.286,56,5,103,112,9,.382,.794,73,45,15,.412,57
6197,Ian Kinsler,2011,TEX,7.1,34,4,620,.255,89,4,155,158,32,.355,.832,121,77,30,.477,71
6197,Ian Kinsler,2012,TEX,2.0,42,5,655,.256,60,9,157,168,19,.326,.749,105,72,21,.423,90
6197,Ian Kinsler,2013,TEX,5.0,31,2,545,.277,51,11,136,151,13,.344,.757,85,72,15,.413,59
6197,Ian Kinsler,2014,DET,5.5,40,4,684,.275,29,4,161,188,17,.307,.727,100,92,15,.420,79
6197,Ian Kinsler,2015,DET,6.0,35,7,624,.296,43,6,154,185,11,.342,.770,94,73,10,.428,80
6197,Ian Kinsler,2016,DET,6.1,29,4,618,.288,45,6,153,178,28,.348,.832,117,83,14,.484,115
6197,Ian Kinsler,2017,DET,2.1,25,3,551,.236,55,5,139,130,22,.313,.725,90,52,14,.412,86
6197,Ian Kinsler,2018,BOS,-0.1,6,0,132,.242,10,3,37,32,1,.294,.605,17,16,7,.311,24
6197,Ian Kinsler,2018,LAA,2.5,20,0,355,.239,30,4,91,85,13,.304,.710,49,32,9,.406,40
6197,Ian Kinsler,2018,Total,2.4,26,0,487,.240,40,7,128,117,14,.301,.681,66,48,16,.380,64
6197,Ian Kinsler,2019,SD,--,12,0,258,.217,19,4,87,56,9,.278,.646,28,22,2,.368,54
30782,Anthony Rizzo,2011,SD,-0.4,8,1,128,.141,21,1,49,18,1,.281,.523,9,9,2,.242,46
30782,Anthony Rizzo,2012,CHC,2.2,15,0,337,.285,27,2,87,96,15,.342,.805,44,48,3,.463,62
30782,Anthony Rizzo,2013,CHC,2.6,40,2,606,.233,76,5,160,141,23,.323,.742,71,80,6,.419,127
30782,Anthony Rizzo,2014,CHC,5.1,28,1,524,.286,73,4,140,150,32,.386,.913,89,78,5,.527,116
30782,Anthony Rizzo,2015,CHC,6.3,38,3,586,.278,78,6,160,163,31,.387,.899,94,101,17,.512,105
30782,Anthony Rizzo,2016,CHC,5.7,43,4,583,.292,74,5,155,170,32,.385,.929,94,109,3,.544,108
30782,Anthony Rizzo,2017,CHC,4.4,32,3,572,.273,91,4,157,156,32,.392,.899,99,109,10,.507,90
30782,Anthony Rizzo,2018,CHC,2.7,29,1,566,.283,70,4,153,160,25,.376,.846,74,101,6,.470,80
30782,Anthony Rizzo,2019,CHC,--,29,3,512,.293,71,2,146,150,27,.405,.925,89,94,5,.520,86
6393,Dustin Pedroia,2006,BOS,-0.8,4,0,89,.191,7,1,31,17,2,.258,.561,5,7,0,.303,7
6393,Dustin Pedroia,2007,BOS,3.6,39,1,520,.317,47,1,139,165,8,.380,.822,86,50,7,.442,42
6393,Dustin Pedroia,2008,BOS,6.8,54,2,653,.326,50,1,157,213,17,.376,.869,118,83,20,.493,52
6393,Dustin Pedroia,2009,BOS,5.5,48,1,626,.296,74,8,154,185,15,.371,.818,115,72,20,.447,45
6393,Dustin Pedroia,2010,BOS,3.1,24,1,302,.288,37,1,75,87,12,.367,.860,53,41,9,.493,38
6393,Dustin Pedroia,2011,BOS,7.8,37,3,635,.307,86,8,159,195,21,.387,.861,102,91,26,.474,85
6393,Dustin Pedroia,2012,BOS,4.6,39,3,563,.290,48,6,141,163,15,.347,.796,81,65,20,.449,60
6393,Dustin Pedroia,2013,BOS,6.5,42,2,641,.301,73,5,160,193,9,.372,.787,91,84,17,.415,75
6393,Dustin Pedroia,2014,BOS,4.8,33,0,551,.278,51,6,135,153,7,.337,.713,72,53,6,.376,75
6393,Dustin Pedroia,2015,BOS,2.0,19,1,381,.291,38,2,93,111,12,.356,.797,46,42,2,.441,51
6393,Dustin Pedroia,2016,BOS,5.6,36,1,633,.318,61,4,154,201,15,.376,.825,105,74,7,.449,73
6393,Dustin Pedroia,2017,BOS,1.5,19,0,406,.293,49,3,105,119,7,.369,.761,46,62,4,.392,48
6393,Dustin Pedroia,2018,BOS,-0.1,0,0,11,.091,2,0,3,1,0,.231,.322,1,0,0,.091,1
6393,Dustin Pedroia,2019,BOS,--,0,0,20,.100,1,0,6,2,0,.143,.243,1,1,0,.100,2
32362,Jackie Bradley Jr.,2013,BOS,-0.3,5,0,95,.189,10,0,37,18,3,.280,.617,18,10,2,.337,31
32362,Jackie Bradley Jr.,2014,BOS,0.6,19,2,384,.198,31,0,127,76,1,.265,.531,45,30,8,.266,121
32362,Jackie Bradley Jr.,2015,BOS,2.2,17,4,221,.249,27,0,74,55,10,.335,.833,43,43,3,.498,69
32362,Jackie Bradley Jr.,2016,BOS,5.3,30,7,558,.267,63,2,156,149,26,.349,.835,94,87,9,.486,143
32362,Jackie Bradley Jr.,2017,BOS,2.8,19,3,482,.245,48,3,133,118,17,.323,.725,58,63,8,.402,124
32362,Jackie Bradley Jr.,2018,BOS,2.1,33,4,474,.234,46,1,144,111,13,.314,.717,76,59,17,.403,137
32362,Jackie Bradley Jr.,2019,BOS,--,28,3,494,.225,56,6,147,111,21,.317,.738,69,62,8,.421,155
3748,David Ortiz,1997,MIN,0.0,3,0,49,.327,2,0,15,16,1,.353,.802,10,6,0,.449,19
3748,David Ortiz,1998,MIN,0.5,20,0,278,.277,39,0,86,77,9,.371,.817,47,46,1,.446,72
3748,David Ortiz,1999,MIN,-0.6,0,0,20,.000,5,0,10,0,0,.200,.200,1,0,0,.000,12
3748,David Ortiz,2000,MIN,0.5,36,1,415,.282,57,0,130,117,10,.364,.810,59,63,1,.446,81
3748,David Ortiz,2001,MIN,0.1,17,1,303,.234,40,0,89,71,18,.324,.799,46,48,1,.475,68
3748,David Ortiz,2002,MIN,1.1,32,1,412,.272,43,2,125,112,20,.339,.839,52,75,1,.500,87
3748,David Ortiz,2003,BOS,3.1,39,2,448,.288,58,0,128,129,31,.369,.961,79,101,0,.592,83
3748,David Ortiz,2004,BOS,4.0,47,3,582,.301,75,0,150,175,41,.380,.983,94,139,0,.603,133
3748,David Ortiz,2005,BOS,5.1,40,1,601,.300,102,0,159,180,47,.397,1.001,119,148,1,.604,124
3748,David Ortiz,2006,BOS,5.5,29,2,558,.287,119,0,151,160,54,.413,1.049,115,137,1,.636,117
3748,David Ortiz,2007,BOS,6.1,52,1,549,.332,111,1,149,182,35,.445,1.066,116,117,3,.621,103
3748,David Ortiz,2008,BOS,1.6,30,1,416,.264,70,0,109,110,23,.369,.876,74,89,1,.507,74
3748,David Ortiz,2009,BOS,0.4,35,1,541,.238,74,2,150,129,28,.332,.794,77,99,0,.462,134
3748,David Ortiz,2010,BOS,2.4,36,1,518,.270,82,1,145,140,32,.370,.899,86,102,0,.529,145
3748,David Ortiz,2011,BOS,3.7,40,1,525,.309,78,1,146,162,29,.398,.952,84,96,1,.554,83
3748,David Ortiz,2012,BOS,2.9,26,0,324,.318,56,1,90,103,23,.415,1.026,65,60,0,.611,51
3748,David Ortiz,2013,BOS,4.4,38,2,518,.309,76,0,137,160,30,.395,.959,84,103,4,.564,88
3748,David Ortiz,2014,BOS,2.9,27,0,518,.263,75,0,142,136,35,.355,.872,59,104,0,.517,95
3748,David Ortiz,2015,BOS,3.2,37,0,528,.273,77,1,146,144,37,.360,.913,73,108,0,.553,95
3748,David Ortiz,2016,BOS,5.1,48,1,537,.315,80,0,151,169,38,.401,1.021,79,127,2,.620,86
30830,Starling Marte,2012,PIT,1.0,3,6,167,.257,8,5,47,43,5,.300,.737,18,17,12,.437,50
30830,Starling Marte,2013,PIT,5.5,26,10,510,.280,25,15,135,143,12,.343,.784,83,35,41,.441,138
30830,Starling Marte,2014,PIT,5.1,29,6,495,.291,33,11,135,144,13,.356,.809,73,56,30,.453,131
30830,Starling Marte,2015,PIT,5.3,30,2,579,.287,27,10,153,166,19,.337,.781,84,81,30,.444,123
30830,Starling Marte,2016,PIT,4.9,34,5,489,.311,23,12,129,152,9,.362,.818,71,46,47,.456,104
30830,Starling Marte,2017,PIT,1.4,7,2,309,.275,20,4,77,85,7,.333,.712,48,31,21,.379,63
30830,Starling Marte,2018,PIT,3.7,32,5,559,.277,35,14,145,155,20,.327,.787,81,72,33,.460,109
30830,Starling Marte,2019,PIT,--,31,6,539,.295,25,6,132,159,23,.342,.845,97,82,25,.503,94
5544,Miguel Cabrera,2003,FLA,0.5,21,3,314,.268,25,2,87,84,12,.325,.793,39,62,0,.468,84
5544,Miguel Cabrera,2004,FLA,3.2,31,1,603,.294,68,2,160,177,33,.366,.878,101,112,5,.512,148
5544,Miguel Cabrera,2005,FLA,4.9,43,2,613,.323,64,0,158,198,33,.385,.946,106,116,1,.561,125
5544,Miguel Cabrera,2006,FLA,5.5,50,2,576,.339,86,6,158,195,26,.430,.998,112,114,9,.568,108
5544,Miguel Cabrera,2007,FLA,3.0,38,2,588,.320,79,1,157,188,34,.401,.966,91,119,2,.565,127
5544,Miguel Cabrera,2008,DET,2.3,36,2,616,.292,56,0,160,180,37,.349,.886,85,127,1,.537,126
5544,Miguel Cabrera,2009,DET,4.7,34,0,611,.324,68,2,160,198,34,.396,.943,96,103,6,.547,107
5544,Miguel Cabrera,2010,DET,6.1,45,1,548,.328,89,3,150,180,38,.420,1.042,111,126,3,.622,95
5544,Miguel Cabrera,2011,DET,7.3,48,0,572,.344,108,1,161,197,30,.448,1.034,111,105,2,.586,89
5544,Miguel Cabrera,2012,DET,6.9,40,0,622,.330,66,1,161,205,44,.393,.999,109,139,4,.606,98
5544,Miguel Cabrera,2013,DET,7.2,26,1,555,.348,90,0,148,193,44,.442,1.078,103,137,3,.636,94
5544,Miguel Cabrera,2014,DET,4.9,52,1,611,.313,60,1,159,191,25,.371,.895,101,109,1,.524,117
5544,Miguel Cabrera,2015,DET,5.2,28,1,429,.338,77,1,119,145,18,.440,.974,64,76,1,.534,82
5544,Miguel Cabrera,2016,DET,4.9,31,1,595,.316,75,0,158,188,38,.393,.956,92,108,0,.563,116
5544,Miguel Cabrera,2017,DET,-0.8,22,0,469,.249,54,1,130,117,16,.329,.728,50,60,0,.399,110
5544,Miguel Cabrera,2018,DET,0.6,11,0,134,.299,22,0,38,40,3,.395,.843,17,22,0,.448,27
5544,Miguel Cabrera,2019,DET,--,21,0,493,.282,48,0,136,139,12,.346,.744,41,59,0,.398,108
30112,Buster Posey,2009,SF,-0.1,0,0,17,.118,0,0,7,2,0,.118,.236,1,0,0,.118,4
30112,Buster Posey,2010,SF,3.7,23,2,406,.305,30,2,108,124,18,.357,.862,58,67,0,.505,55
30112,Buster Posey,2011,SF,1.3,5,0,162,.284,18,0,45,46,4,.368,.757,17,21,3,.389,30
30112,Buster Posey,2012,SF,7.2,39,1,530,.336,69,1,148,178,24,.408,.957,78,103,1,.549,96
30112,Buster Posey,2013,SF,5.2,34,1,520,.294,60,1,148,153,15,.371,.821,61,72,2,.450,70
30112,Buster Posey,2014,SF,5.2,28,2,547,.311,47,1,147,170,22,.364,.854,72,89,0,.490,69
30112,Buster Posey,2015,SF,6.1,28,0,557,.318,56,0,150,177,19,.379,.849,74,95,2,.470,52
30112,Buster Posey,2016,SF,4.7,33,2,539,.288,64,1,146,155,14,.362,.796,82,80,6,.434,68
30112,Buster Posey,2017,SF,4.0,34,0,494,.320,61,1,140,158,12,.400,.862,62,67,6,.462,66
30112,Buster Posey,2018,SF,2.9,22,1,398,.284,45,2,105,113,5,.359,.741,47,41,3,.382,53
30112,Buster Posey,2019,SF,--,24,0,405,.257,34,0,114,104,7,.320,.688,43,38,0,.368,71
30699,A.J. Pollock,2012,ARI,-0.1,4,1,81,.247,9,2,31,20,2,.315,.710,8,8,1,.395,11
30699,A.J. Pollock,2013,ARI,3.5,28,5,443,.269,33,3,137,119,8,.322,.731,64,38,12,.409,82
30699,A.J. Pollock,2014,ARI,3.9,19,6,265,.302,19,3,75,80,7,.353,.851,41,24,14,.498,46
30699,A.J. Pollock,2015,ARI,7.4,39,6,609,.315,53,7,157,192,20,.367,.865,111,76,39,.498,89
30699,A.J. Pollock,2016,ARI,0.5,0,0,41,.244,5,0,12,10,2,.326,.716,9,4,4,.390,8
30699,A.J. Pollock,2017,ARI,2.9,33,6,425,.266,35,6,112,113,14,.330,.801,73,49,20,.471,71
30699,A.J. Pollock,2018,ARI,2.5,21,5,413,.257,31,2,113,106,21,.316,.800,61,65,13,.484,100
30699,A.J. Pollock,2019,LAD,--,15,1,308,.266,23,1,86,82,15,.327,.795,49,47,5,.468,74
29551,Jason Heyward,2010,ATL,6.3,29,5,520,.277,91,6,142,144,18,.393,.849,83,72,11,.456,128
29551,Jason Heyward,2011,ATL,2.4,18,2,396,.227,51,2,128,90,14,.319,.708,50,42,9,.389,93
29551,Jason Heyward,2012,ATL,5.5,30,6,587,.269,58,8,158,158,27,.335,.814,93,82,21,.479,152
29551,Jason Heyward,2013,ATL,3.6,22,1,382,.254,48,4,104,97,14,.349,.776,67,38,2,.427,73
29551,Jason Heyward,2014,ATL,6.4,26,3,573,.271,67,4,149,155,11,.351,.735,74,58,20,.384,98
29551,Jason Heyward,2015,STL,6.5,33,4,547,.293,56,3,154,160,13,.359,.798,79,60,23,.439,90
29551,Jason Heyward,2016,CHC,1.6,27,1,530,.230,54,4,142,122,7,.306,.631,61,49,11,.325,93
29551,Jason Heyward,2017,CHC,2.3,15,4,432,.259,41,4,126,112,11,.326,.715,59,59,4,.389,67
29551,Jason Heyward,2018,CHC,1.6,23,4,440,.270,42,1,127,119,8,.335,.730,67,57,1,.395,60
29551,Jason Heyward,2019,CHC,--,20,4,513,.251,68,3,147,129,21,.343,.772,78,62,8,.429,110
32080,Yoenis Cespedes,2012,OAK,3.4,25,5,487,.292,43,4,129,142,23,.356,.861,70,82,16,.505,102
32080,Yoenis Cespedes,2013,OAK,1.7,21,4,529,.240,37,7,135,127,26,.294,.736,74,80,7,.442,137
32080,Yoenis Cespedes,2014,BOS,1.3,10,3,201,.269,7,0,51,54,5,.296,.719,27,33,4,.423,48
32080,Yoenis Cespedes,2014,OAK,2.8,26,3,399,.256,28,2,101,102,17,.303,.767,62,67,3,.464,80
32080,Yoenis Cespedes,2014,Total,4.1,36,6,600,.260,35,2,152,156,22,.301,.751,89,100,7,.450,128
32080,Yoenis Cespedes,2015,DET,4.0,28,2,403,.293,19,4,102,118,18,.323,.829,62,61,3,.506,87
32080,Yoenis Cespedes,2015,NYM,2.3,14,4,230,.287,14,1,57,66,17,.337,.941,39,44,4,.604,54
32080,Yoenis Cespedes,2015,Total,6.3,42,6,633,.291,33,5,159,184,35,.328,.870,101,105,7,.542,141
32080,Yoenis Cespedes,2016,NYM,2.9,25,1,479,.280,51,1,132,134,31,.354,.884,72,86,3,.530,108
32080,Yoenis Cespedes,2017,NYM,2.1,17,2,291,.292,26,1,81,85,17,.352,.892,46,42,0,.540,61
32080,Yoenis Cespedes,2018,NYM,0.9,6,0,141,.262,13,0,38,37,9,.325,.821,20,29,3,.496,50
30469,Brandon Crawford,2011,SF,0.5,5,2,196,.204,23,3,66,40,3,.288,.584,22,21,1,.296,31
30469,Brandon Crawford,2012,SF,2.3,26,3,435,.248,33,4,143,108,4,.304,.653,44,45,1,.349,95
30469,Brandon Crawford,2013,SF,2.4,24,3,499,.248,42,2,149,124,9,.311,.674,52,43,1,.363,96
30469,Brandon Crawford,2014,SF,3.2,20,10,491,.246,59,3,153,121,10,.324,.713,54,69,5,.389,129
30469,Brandon Crawford,2015,SF,5.6,33,4,507,.256,39,4,143,130,21,.321,.783,65,84,6,.462,119
30469,Brandon Crawford,2016,SF,4.5,28,11,553,.275,57,0,155,152,12,.342,.772,67,84,7,.430,115
30469,Brandon Crawford,2017,SF,2.1,34,1,518,.253,42,5,144,131,14,.305,.708,58,77,3,.403,113
30469,Brandon Crawford,2018,SF,2.6,28,2,531,.254,50,5,151,135,14,.325,.719,63,54,4,.394,122
30469,Brandon Crawford,2019,SF,--,24,2,500,.228,53,2,147,114,11,.304,.654,58,59,3,.350,117
31327,Ender Inciarte,2014,ARI,3.7,18,2,418,.278,25,3,118,116,4,.318,.677,54,27,19,.359,53
31327,Ender Inciarte,2015,ARI,5.3,27,5,524,.303,26,10,132,159,6,.338,.746,73,45,21,.408,58
31327,Ender Inciarte,2016,ATL,3.8,24,7,522,.291,45,7,131,152,3,.351,.732,85,29,16,.381,68
31327,Ender Inciarte,2017,ATL,3.0,27,5,662,.304,49,9,157,201,11,.350,.759,93,57,22,.409,94
31327,Ender Inciarte,2018,ATL,3.4,27,6,597,.265,49,14,156,158,10,.325,.705,83,61,28,.380,86
31327,Ender Inciarte,2019,ATL,--,11,2,199,.246,26,1,65,49,5,.343,.740,30,24,7,.397,41
29170,Chris Davis,2008,TEX,0.9,23,2,295,.285,20,2,80,84,17,.331,.880,51,55,1,.549,88
29170,Chris Davis,2009,TEX,-1.1,15,1,391,.238,24,0,113,93,21,.284,.726,48,59,0,.442,150
29170,Chris Davis,2010,TEX,-0.6,9,0,120,.192,15,0,45,23,1,.279,.571,7,4,3,.292,40
29170,Chris Davis,2011,BAL,0.0,9,0,123,.276,6,0,31,34,2,.310,.708,16,13,1,.398,39
29170,Chris Davis,2011,TEX,-0.1,3,0,76,.250,5,0,28,19,3,.296,.704,9,6,0,.408,24
29170,Chris Davis,2011,Total,-0.1,12,0,199,.266,11,0,59,53,5,.305,.707,25,19,1,.402,63
29170,Chris Davis,2012,BAL,1.3,20,0,515,.270,37,3,139,139,33,.326,.827,75,85,2,.501,169
29170,Chris Davis,2013,BAL,6.4,42,1,584,.286,72,1,160,167,53,.370,1.004,103,138,4,.634,199
29170,Chris Davis,2014,BAL,1.8,16,0,450,.196,60,1,127,88,26,.300,.704,65,72,2,.404,173
29170,Chris Davis,2015,BAL,5.2,31,0,573,.262,84,3,160,150,47,.361,.923,100,117,2,.562,208
29170,Chris Davis,2016,BAL,3.0,21,0,566,.221,88,0,157,125,38,.332,.791,99,84,1,.459,219
29170,Chris Davis,2017,BAL,-0.1,15,1,456,.215,61,1,128,98,26,.309,.732,65,61,1,.423,195
29170,Chris Davis,2018,BAL,-2.8,12,0,470,.168,41,0,128,79,16,.243,.539,40,49,2,.296,192
29170,Chris Davis,2019,BAL,--,9,0,307,.179,39,0,105,55,12,.276,.602,26,36,0,.326,139
6242,Nelson Cruz,2005,MIL,0.0,1,0,5,.200,2,0,8,1,0,.429,.829,1,0,0,.400,0
6242,Nelson Cruz,2006,TEX,0.2,3,0,130,.223,7,0,41,29,6,.261,.646,15,22,1,.385,32
6242,Nelson Cruz,2007,TEX,-0.6,15,2,307,.235,21,4,96,72,9,.287,.671,35,34,2,.384,87
6242,Nelson Cruz,2008,TEX,1.4,9,1,115,.330,17,1,31,38,7,.421,1.030,19,26,3,.609,28
6242,Nelson Cruz,2009,TEX,2.0,21,1,462,.260,49,4,128,120,33,.332,.856,75,76,20,.524,118
6242,Nelson Cruz,2010,TEX,3.8,31,3,399,.318,38,4,108,127,22,.374,.950,60,78,17,.576,81
6242,Nelson Cruz,2011,TEX,1.1,28,1,475,.263,33,5,124,125,29,.312,.821,64,87,9,.509,116
6242,Nelson Cruz,2012,TEX,0.1,45,0,585,.260,48,4,159,152,24,.319,.779,86,90,8,.460,140
6242,Nelson Cruz,2013,TEX,2.0,18,0,413,.266,35,1,109,110,27,.327,.833,49,76,5,.506,109
6242,Nelson Cruz,2014,BAL,4.7,32,2,613,.271,55,5,159,166,40,.333,.858,87,108,4,.525,140
6242,Nelson Cruz,2015,SEA,5.2,22,1,590,.302,59,2,152,178,44,.369,.935,90,93,3,.566,164
6242,Nelson Cruz,2016,SEA,4.7,27,1,589,.287,62,0,155,169,43,.360,.915,96,105,2,.555,159
6242,Nelson Cruz,2017,SEA,4.1,28,0,556,.288,70,1,155,160,39,.375,.924,91,119,1,.549,140
6242,Nelson Cruz,2018,SEA,2.9,18,1,519,.256,55,0,144,133,37,.342,.851,70,97,1,.509,122
6242,Nelson Cruz,2019,MIN,--,26,0,454,.311,56,1,120,141,41,.392,1.031,81,108,0,.639,131
32859,Kevin Pillar,2013,TOR,-0.2,4,0,102,.206,4,1,36,21,3,.250,.583,11,13,0,.333,29
32859,Kevin Pillar,2014,TOR,0.9,9,0,116,.267,4,2,53,31,2,.295,.692,19,7,1,.397,28
32859,Kevin Pillar,2015,TOR,5.2,31,2,586,.278,28,4,159,163,12,.314,.713,76,56,25,.399,85
32859,Kevin Pillar,2016,TOR,3.4,35,2,548,.266,24,6,146,146,7,.303,.679,59,53,14,.376,90
32859,Kevin Pillar,2017,TOR,2.8,37,1,587,.256,33,6,154,150,16,.300,.704,72,42,15,.404,95
32859,Kevin Pillar,2018,TOR,2.5,40,2,512,.252,18,3,142,129,15,.282,.708,65,59,14,.426,98
32859,Kevin Pillar,2019,TOR,--,0,0,16,.063,0,0,5,1,0,.059,.122,1,1,0,.063,3
32859,Kevin Pillar,2019,SF,--,37,3,595,.264,18,5,156,157,21,.293,.735,82,87,14,.442,86
32859,Kevin Pillar,2019,Total,--,37,3,611,.259,18,5,161,158,21,.287,.719,83,88,14,.432,89
30579,Logan Forsythe,2011,SD,0.6,9,1,150,.213,12,1,62,32,0,.281,.568,12,12,3,.287,33
30579,Logan Forsythe,2012,SD,0.7,13,3,315,.273,28,2,91,86,6,.343,.733,45,26,8,.390,57
30579,Logan Forsythe,2013,SD,-0.1,6,1,220,.214,19,1,75,47,6,.281,.613,22,19,6,.332,54
30579,Logan Forsythe,2014,TB,0.9,12,1,301,.223,25,0,110,67,6,.287,.616,32,26,2,.329,71
30579,Logan Forsythe,2015,TB,5.1,33,2,540,.281,55,4,153,152,17,.359,.803,69,68,9,.444,111
30579,Logan Forsythe,2016,TB,3.4,24,4,511,.264,46,6,127,135,20,.333,.777,76,52,6,.444,127
30579,Logan Forsythe,2017,LAD,1.8,19,0,361,.224,69,2,119,81,6,.351,.678,56,36,3,.327,109
30579,Logan Forsythe,2018,MIN,0.6,6,0,178,.258,24,0,50,46,0,.356,.648,19,14,1,.292,40
30579,Logan Forsythe,2018,LAD,-0.7,10,0,193,.207,17,0,70,40,2,.270,.560,18,13,2,.290,43
30579,Logan Forsythe,2018,Total,-0.1,16,0,371,.232,41,0,120,86,2,.313,.604,37,27,3,.291,83
30579,Logan Forsythe,2019,TEX,--,17,1,317,.227,44,0,101,72,7,.325,.678,38,39,2,.353,100
6125,Curtis Granderson,2004,DET,-0.1,1,1,25,.240,3,0,9,6,0,.321,.681,2,0,0,.360,8
6125,Curtis Granderson,2005,DET,2.1,6,3,162,.272,10,1,47,44,8,.314,.808,18,20,1,.494,43
6125,Curtis Granderson,2006,DET,2.9,31,9,596,.260,66,5,159,155,19,.335,.773,90,68,8,.438,174
6125,Curtis Granderson,2007,DET,7.2,38,23,612,.302,52,1,158,185,23,.361,.913,122,74,26,.552,141
6125,Curtis Granderson,2008,DET,3.6,26,13,553,.280,71,4,141,155,22,.365,.859,112,66,12,.494,111
6125,Curtis Granderson,2009,DET,4.1,23,8,631,.249,72,6,160,157,30,.327,.780,91,71,20,.453,141
6125,Curtis Granderson,2010,NYY,4.1,17,7,466,.247,53,2,136,115,24,.324,.792,76,67,12,.468,116
6125,Curtis Granderson,2011,NYY,5.3,26,10,583,.262,85,10,156,153,41,.364,.916,136,119,25,.552,169
6125,Curtis Granderson,2012,NYY,2.7,18,4,596,.232,75,3,160,138,43,.319,.811,102,106,10,.492,195
6125,Curtis Granderson,2013,NYY,1.1,13,2,214,.229,27,2,61,49,7,.317,.724,31,15,8,.407,69
6125,Curtis Granderson,2014,NYM,1.3,27,2,564,.227,79,2,155,128,20,.326,.714,73,66,8,.388,141
6125,Curtis Granderson,2015,NYM,5.1,33,2,580,.259,91,6,157,150,26,.364,.821,98,70,11,.457,151
6125,Curtis Granderson,2016,NYM,2.5,24,5,545,.237,74,2,150,129,30,.335,.799,88,59,4,.464,130
6125,Curtis Granderson,2017,LAD,-0.3,2,0,112,.161,18,0,36,18,7,.288,.654,16,12,2,.366,33
6125,Curtis Granderson,2017,NYM,1.7,22,3,337,.228,53,2,111,77,19,.334,.815,58,52,4,.481,90
6125,Curtis Granderson,2017,Total,1.5,24,3,449,.212,71,2,147,95,26,.323,.775,74,64,6,.452,123
6125,Curtis Granderson,2018,MIL,0.3,1,1,41,.220,12,0,19,9,2,.407,.846,12,3,0,.439,10
6125,Curtis Granderson,2018,TOR,0.6,21,1,302,.245,42,1,104,74,11,.342,.772,48,35,2,.430,96
6125,Curtis Granderson,2018,Total,0.9,22,2,343,.242,54,1,123,83,13,.351,.782,60,38,2,.431,106
6125,Curtis Granderson,2019,MIA,--,17,1,317,.183,41,3,138,58,12,.281,.637,44,34,0,.356,98
5890,Jose Bautista,2004,BAL,-0.2,0,0,11,.273,1,0,16,3,0,.333,.606,3,0,0,.273,3
5890,Jose Bautista,2004,KC,-0.3,1,0,25,.200,1,0,13,5,0,.231,.471,1,1,0,.240,12
5890,Jose Bautista,2004,PIT,-0.3,2,0,40,.200,2,0,23,8,0,.238,.488,1,0,0,.250,18
5890,Jose Bautista,2004,TB,-0.2,0,0,12,.167,3,1,12,2,0,.333,.500,1,1,0,.167,7
5890,Jose Bautista,2004,Total,-1.0,3,0,88,.205,7,1,64,18,0,.263,.502,6,2,0,.239,40
5890,Jose Bautista,2005,PIT,-0.3,1,0,28,.143,3,0,11,4,0,.226,.405,3,1,1,.179,7
5890,Jose Bautista,2006,PIT,-1.2,20,3,400,.235,46,4,117,94,16,.335,.755,58,51,2,.420,110
5890,Jose Bautista,2007,PIT,-0.8,36,2,532,.254,68,3,142,135,15,.339,.753,75,63,6,.414,101
5890,Jose Bautista,2008,TOR,-0.1,2,0,56,.214,2,0,21,12,3,.237,.648,7,10,0,.411,14
5890,Jose Bautista,2008,PIT,-0.1,15,0,314,.242,38,1,107,76,12,.325,.729,38,44,1,.404,77
5890,Jose Bautista,2008,Total,-0.2,17,0,370,.238,40,1,128,88,15,.313,.718,45,54,1,.405,91
5890,Jose Bautista,2009,TOR,2.7,13,3,336,.235,56,0,113,79,13,.349,.757,54,40,4,.408,85
5890,Jose Bautista,2010,TOR,6.6,35,3,569,.260,100,2,161,148,54,.378,.995,109,124,9,.617,116
5890,Jose Bautista,2011,TOR,7.7,24,2,513,.302,132,5,149,155,43,.447,1.055,105,103,9,.608,111
5890,Jose Bautista,2012,TOR,3.2,14,0,332,.241,59,2,92,80,27,.358,.885,64,65,5,.527,63
5890,Jose Bautista,2013,TOR,4.1,24,0,452,.259,69,2,118,117,28,.358,.856,82,73,7,.498,84
5890,Jose Bautista,2014,TOR,6.0,27,0,553,.286,104,2,155,158,35,.403,.927,101,103,6,.524,96
5890,Jose Bautista,2015,TOR,5.1,29,3,543,.250,110,2,153,136,40,.377,.913,108,114,8,.536,106
5890,Jose Bautista,2016,TOR,1.0,24,1,423,.234,87,2,116,99,22,.366,.818,68,69,2,.452,103
5890,Jose Bautista,2017,TOR,-1.7,27,0,587,.203,84,3,157,119,23,.308,.674,92,65,6,.366,170
5890,Jose Bautista,2018,ATL,-0.4,1,0,35,.143,5,0,12,5,2,.250,.593,3,5,0,.343,12
5890,Jose Bautista,2018,NYM,1.4,13,0,245,.204,51,2,83,50,9,.351,.718,37,37,2,.367,84
5890,Jose Bautista,2018,PHI,0.4,4,0,45,.244,11,1,27,11,2,.404,.871,12,6,2,.467,15
5890,Jose Bautista,2018,Total,1.4,18,0,325,.203,67,3,122,66,13,.348,.726,52,48,4,.378,111
33680,Matt Duffy,2015,HOU,0.1,1,0,8,.375,1,0,8,3,0,.444,.944,0,3,0,.500,2
33680,Matt Duffy,2016,HOU,-0.1,0,0,3,.000,0,0,3,0,0,.000,.000,0,0,0,.000,2
30726,Dee Gordon,2011,LAD,0.5,9,2,224,.304,7,7,56,68,0,.325,.687,34,11,24,.362,27
30726,Dee Gordon,2012,LAD,-1.3,9,2,303,.228,20,10,87,69,1,.280,.561,38,17,32,.281,62
30726,Dee Gordon,2013,LAD,-0.1,1,1,94,.234,10,2,38,22,1,.314,.612,9,6,10,.298,21
30726,Dee Gordon,2014,LAD,2.4,24,12,609,.289,31,19,148,176,2,.326,.704,92,34,64,.378,107
30726,Dee Gordon,2015,MIA,4.9,24,8,615,.333,25,20,145,205,4,.359,.777,88,46,58,.418,91
30726,Dee Gordon,2016,MIA,0.8,7,6,325,.268,18,7,79,87,1,.305,.640,47,14,30,.335,55
30726,Dee Gordon,2017,MIA,3.1,20,9,653,.308,25,16,158,201,2,.341,.716,114,33,60,.375,93
30726,Dee Gordon,2018,SEA,0.6,17,8,556,.268,9,12,141,149,4,.288,.637,62,36,30,.349,80
30726,Dee Gordon,2019,SEA,--,12,6,393,.275,18,5,117,108,3,.304,.663,36,34,22,.359,61
28701,Andrew McCutchen,2009,PIT,2.2,26,9,433,.286,54,5,108,124,12,.365,.836,74,54,22,.471,83
28701,Andrew McCutchen,2010,PIT,3.6,35,5,570,.286,70,10,154,163,16,.365,.814,94,56,33,.449,89
28701,Andrew McCutchen,2011,PIT,5.3,34,5,572,.259,89,10,158,148,23,.364,.820,87,89,23,.456,126
28701,Andrew McCutchen,2012,PIT,7.0,29,6,593,.327,70,12,157,194,31,.400,.953,107,96,20,.553,132
28701,Andrew McCutchen,2013,PIT,8.2,38,5,583,.317,78,10,157,185,21,.404,.912,97,84,27,.508,101
28701,Andrew McCutchen,2014,PIT,6.4,38,6,548,.314,84,3,146,172,25,.410,.952,89,83,18,.542,115
28701,Andrew McCutchen,2015,PIT,4.8,36,3,566,.292,98,5,157,165,23,.401,.889,91,96,11,.488,133
28701,Andrew McCutchen,2016,PIT,-0.7,26,3,598,.256,69,7,153,153,24,.336,.766,81,79,6,.430,143
28701,Andrew McCutchen,2017,PIT,2.5,30,2,570,.279,73,5,156,159,28,.363,.849,94,88,11,.486,116
28701,Andrew McCutchen,2018,NYY,0.8,2,1,87,.253,22,3,25,22,5,.421,.892,18,10,1,.471,22
28701,Andrew McCutchen,2018,SF,2.0,28,2,482,.255,73,6,130,123,15,.357,.772,65,55,13,.415,123
28701,Andrew McCutchen,2018,Total,2.7,30,3,569,.255,95,9,155,145,20,.368,.792,83,65,14,.424,145
28701,Andrew McCutchen,2019,PHI,--,12,1,219,.256,43,1,59,56,10,.378,.835,45,29,2,.457,55
5904,Edwin Encarnacion,2005,CIN,0.8,16,0,211,.232,20,0,69,49,9,.308,.744,25,31,3,.436,60
5904,Edwin Encarnacion,2006,CIN,0.8,33,1,406,.276,41,3,117,112,15,.359,.832,60,72,6,.473,78
5904,Edwin Encarnacion,2007,CIN,1.2,25,1,502,.289,39,1,139,145,16,.356,.794,66,76,8,.438,86
5904,Edwin Encarnacion,2008,CIN,0.4,29,1,506,.251,61,0,146,127,26,.340,.806,75,68,1,.466,102
5904,Edwin Encarnacion,2009,TOR,0.6,5,1,154,.240,13,0,42,37,8,.306,.748,25,23,1,.442,29
5904,Edwin Encarnacion,2009,CIN,-0.7,6,1,139,.209,24,1,43,29,5,.333,.707,10,16,1,.374,38
5904,Edwin Encarnacion,2009,Total,-0.1,11,2,293,.225,37,1,85,66,13,.320,.730,35,39,2,.410,67
5904,Edwin Encarnacion,2010,TOR,1.4,16,0,332,.244,29,0,96,81,21,.305,.787,47,51,1,.482,60
5904,Edwin Encarnacion,2011,TOR,0.6,36,0,481,.272,43,2,134,131,17,.334,.787,70,55,8,.453,77
5904,Edwin Encarnacion,2012,TOR,4.5,24,0,542,.280,84,3,151,152,42,.384,.941,93,110,13,.557,94
5904,Edwin Encarnacion,2013,TOR,4.0,29,1,530,.272,82,1,142,144,36,.370,.904,90,104,7,.534,62
5904,Edwin Encarnacion,2014,TOR,3.6,27,2,477,.268,62,0,128,128,34,.354,.901,75,98,2,.547,82
5904,Edwin Encarnacion,2015,TOR,4.7,31,0,528,.277,77,2,146,146,39,.372,.929,94,111,3,.557,98
5904,Edwin Encarnacion,2016,TOR,3.7,34,0,601,.263,87,0,160,158,42,.357,.886,99,127,2,.529,138
5904,Edwin Encarnacion,2017,CLE,2.8,20,1,554,.258,104,0,157,143,38,.377,.881,96,107,2,.504,133
5904,Edwin Encarnacion,2018,CLE,1.9,16,1,500,.246,63,0,137,123,32,.336,.810,74,107,3,.474,132
5904,Edwin Encarnacion,2019,NYY,--,11,0,177,.249,17,0,44,44,13,.325,.856,33,37,0,.531,48
5904,Edwin Encarnacion,2019,SEA,--,7,0,241,.241,41,1,65,58,21,.356,.887,48,49,0,.531,55
5904,Edwin Encarnacion,2019,Total,--,18,0,418,.244,58,1,109,102,34,.344,.875,81,86,0,.531,103
31007,Jason Kipnis,2011,CLE,1.1,9,1,136,.272,11,0,36,37,7,.333,.840,24,19,5,.507,34
31007,Jason Kipnis,2012,CLE,3.7,22,4,591,.257,67,7,152,152,14,.335,.714,86,76,31,.379,109
31007,Jason Kipnis,2013,CLE,5.9,36,4,564,.284,76,7,149,160,17,.366,.818,86,84,30,.452,143
31007,Jason Kipnis,2014,CLE,0.9,25,1,500,.240,50,3,129,120,6,.310,.640,61,41,22,.330,100
31007,Jason Kipnis,2015,CLE,4.6,43,7,565,.303,57,8,141,171,9,.372,.823,86,52,12,.451,107
31007,Jason Kipnis,2016,CLE,4.1,41,4,610,.275,60,3,156,168,23,.343,.812,91,82,15,.469,146
31007,Jason Kipnis,2017,CLE,0.4,25,0,336,.232,28,2,90,78,12,.291,.705,43,35,6,.414,71
31007,Jason Kipnis,2018,CLE,1.6,28,1,530,.230,60,1,147,122,18,.315,.704,65,75,7,.389,112
31007,Jason Kipnis,2019,CLE,--,23,1,458,.245,40,2,121,112,17,.304,.714,52,65,7,.410,88
29999,Mike Moustakas,2011,KC,0.8,18,1,338,.263,22,0,89,89,5,.309,.676,26,30,2,.367,51
29999,Mike Moustakas,2012,KC,2.9,34,1,563,.242,39,2,149,136,20,.296,.708,69,73,5,.412,124
29999,Mike Moustakas,2013,KC,-0.1,26,0,472,.233,32,4,136,110,12,.287,.651,42,42,2,.364,83
29999,Mike Moustakas,2014,KC,0.4,21,1,457,.212,35,0,140,97,15,.271,.632,45,54,1,.361,74
29999,Mike Moustakas,2015,KC,4.4,34,1,549,.284,43,2,147,156,22,.348,.818,73,82,1,.470,76
29999,Mike Moustakas,2016,KC,0.7,6,0,104,.240,9,1,27,25,7,.301,.801,12,13,0,.500,13
29999,Mike Moustakas,2017,KC,1.8,24,0,555,.272,34,0,148,151,38,.314,.835,75,85,0,.521,94
29999,Mike Moustakas,2018,KC,2.1,21,1,378,.249,30,0,98,94,20,.309,.777,46,62,3,.468,63
29999,Mike Moustakas,2018,MIL,0.4,12,0,195,.256,19,1,54,50,8,.326,.767,20,33,1,.441,40
29999,Mike Moustakas,2018,Total,2.5,33,1,573,.251,49,1,152,144,28,.315,.774,66,95,4,.459,103
29999,Mike Moustakas,2019,MIL,--,30,1,523,.254,53,0,143,133,35,.329,.845,80,87,3,.516,98
