espnID,playerName,SEASON,WAR,BB,BLSV,CG,ER,ERA,GP,GS,H,HLD,HR,IP,L,R,SHO,SO,SV,TEAM,W,WHIP
6341,Justin Verlander,2005,-0.2,5,0,0,9,7.15,2,2,15,0,1,11.1,2,9,0,7,0,DET,0,1.76
6341,Justin Verlander,2006,3.8,60,0,1,75,3.63,30,30,187,0,21,186.0,9,78,1,124,0,DET,17,1.33
6341,Justin Verlander,2007,3.9,67,0,1,82,3.66,32,32,181,0,20,201.2,6,88,1,183,0,DET,18,1.23
6341,Justin Verlander,2008,1.5,87,0,1,108,4.84,33,33,195,0,18,201.0,17,119,0,163,0,DET,11,1.40
6341,Justin Verlander,2009,5.2,63,0,3,92,3.45,35,35,219,0,20,240.0,9,99,1,269,0,DET,19,1.18
6341,Justin Verlander,2010,4.1,71,0,4,84,3.37,33,33,190,0,14,224.1,9,89,0,219,0,DET,18,1.16
6341,Justin Verlander,2011,8.3,57,0,4,67,2.40,34,34,174,0,24,251.0,5,73,2,250,0,DET,24,0.92
6341,Justin Verlander,2012,7.5,60,0,6,70,2.64,33,33,192,0,19,238.1,8,81,1,239,0,DET,17,1.06
6341,Justin Verlander,2013,4.6,75,0,0,84,3.46,34,34,212,0,19,218.1,12,94,0,217,0,DET,13,1.31
6341,Justin Verlander,2014,1.1,65,0,0,104,4.54,32,32,223,0,18,206.0,12,114,0,159,0,DET,15,1.40
6341,Justin Verlander,2015,2.2,32,0,1,50,3.38,20,20,113,0,13,133.1,8,56,1,113,0,DET,5,1.09
6341,Justin Verlander,2016,6.6,57,0,2,77,3.04,34,34,171,0,30,227.2,9,81,0,254,0,DET,16,1.00
6341,Justin Verlander,2017,4.5,67,0,0,73,3.82,28,28,153,0,23,172.0,8,76,0,176,0,DET,10,1.28
6341,Justin Verlander,2017,1.8,5,0,0,4,1.06,5,5,17,0,4,34.0,0,4,0,43,0,HOU,5,0.65
6341,Justin Verlander,2017,6.4,72,0,0,77,3.36,33,33,170,0,27,206.0,8,80,0,219,0,Total,15,1.17
6341,Justin Verlander,2018,6.2,37,0,1,60,2.52,34,34,156,0,28,214.0,9,63,1,290,0,HOU,16,0.90
6341,Justin Verlander,2019,--,42,0,2,64,2.58,34,34,137,0,36,223.0,6,66,1,300,0,HOU,21,0.80
30624,Mike Minor,2010,-0.6,11,0,0,27,5.98,9,8,53,0,6,40.2,2,28,0,43,0,ATL,3,1.57
30624,Mike Minor,2011,0.4,30,0,0,38,4.14,15,15,93,0,7,82.2,3,39,0,77,0,ATL,5,1.49
30624,Mike Minor,2012,0.4,56,0,0,82,4.12,30,30,151,0,26,179.1,10,88,0,145,0,ATL,11,1.15
30624,Mike Minor,2013,3.1,46,0,1,73,3.21,32,32,177,0,22,204.2,9,79,0,181,0,ATL,13,1.09
30624,Mike Minor,2014,0.1,44,0,0,77,4.77,25,25,165,0,21,145.1,12,77,0,120,0,ATL,6,1.44
30624,Mike Minor,2017,2.8,22,3,0,22,2.55,65,0,57,17,5,77.2,6,23,0,88,6,KC,6,1.02
30624,Mike Minor,2018,3.7,38,0,0,73,4.18,28,28,138,0,25,157.0,8,76,0,132,0,TEX,12,1.12
30624,Mike Minor,2019,--,68,0,2,83,3.59,32,32,190,0,30,208.1,10,86,1,200,0,TEX,14,1.24
30820,Lance Lynn,2011,0.6,11,1,0,12,3.12,18,2,25,3,3,34.2,1,12,0,40,1,STL,1,1.04
30820,Lance Lynn,2012,2.0,64,0,0,74,3.78,35,29,168,1,16,176.0,7,76,0,180,0,STL,18,1.32
30820,Lance Lynn,2013,1.8,76,0,0,89,3.97,33,33,189,0,14,201.2,10,92,0,198,0,STL,15,1.31
30820,Lance Lynn,2014,3.7,72,0,2,62,2.74,33,33,185,0,13,203.2,10,72,1,181,0,STL,15,1.26
30820,Lance Lynn,2015,3.4,68,0,0,59,3.03,31,31,172,0,13,175.1,11,66,0,167,0,STL,12,1.37
30820,Lance Lynn,2017,3.1,78,0,0,71,3.43,33,33,151,0,27,186.1,8,80,0,153,0,STL,11,1.23
30820,Lance Lynn,2018,0.3,62,0,0,58,5.10,20,20,105,0,12,102.1,8,61,0,100,0,MIN,7,1.63
30820,Lance Lynn,2018,0.6,14,0,0,25,4.14,11,9,58,0,2,54.1,2,26,0,61,0,NYY,3,1.33
30820,Lance Lynn,2018,0.9,76,0,0,83,4.77,31,29,163,0,14,156.2,10,87,0,161,0,Total,10,1.53
30820,Lance Lynn,2019,--,59,0,0,85,3.67,33,33,195,0,21,208.1,11,89,0,246,0,TEX,16,1.22
32796,Jacob deGrom,2014,3.1,43,0,0,42,2.69,22,22,117,0,7,140.1,6,44,0,144,0,NYM,9,1.14
32796,Jacob deGrom,2015,4.7,38,0,0,54,2.54,30,30,149,0,16,191.0,8,59,0,205,0,NYM,14,0.98
32796,Jacob deGrom,2016,3.7,36,0,1,50,3.04,24,24,142,0,15,148.0,8,53,1,143,0,NYM,7,1.20
32796,Jacob deGrom,2017,4.4,59,0,1,79,3.53,31,31,180,0,28,201.1,10,87,0,239,0,NYM,15,1.19
32796,Jacob deGrom,2018,9.6,46,0,1,41,1.70,32,32,152,0,10,217.0,9,48,0,269,0,NYM,10,0.91
32796,Jacob deGrom,2019,--,44,0,0,55,2.43,32,32,154,0,19,204.0,8,59,0,255,0,NYM,11,0.97
32081,Gerrit Cole,2013,1.3,28,0,0,42,3.22,19,19,109,0,7,117.1,7,43,0,100,0,PIT,10,1.17
32081,Gerrit Cole,2014,1.2,40,0,0,56,3.65,22,22,127,0,11,138.0,5,58,0,138,0,PIT,11,1.21
32081,Gerrit Cole,2015,4.5,44,0,0,60,2.60,32,32,183,0,11,208.0,8,71,0,202,0,PIT,19,1.09
32081,Gerrit Cole,2016,1.6,36,0,1,50,3.88,21,21,131,0,7,116.0,10,57,0,98,0,PIT,7,1.44
32081,Gerrit Cole,2017,2.8,55,0,0,96,4.26,33,33,199,0,31,203.0,12,98,0,196,0,PIT,12,1.25
32081,Gerrit Cole,2018,5.3,64,0,1,64,2.88,32,32,143,0,19,200.1,5,68,1,276,0,HOU,15,1.03
32081,Gerrit Cole,2019,--,48,0,0,59,2.50,33,33,142,0,29,212.1,5,66,0,326,0,HOU,20,0.89
30373,Stephen Strasburg,2010,1.5,17,0,0,22,2.91,12,12,56,0,5,68.0,3,25,0,92,0,WSH,5,1.07
30373,Stephen Strasburg,2011,0.9,2,0,0,4,1.50,5,5,15,0,0,24.0,1,5,0,24,0,WSH,1,0.71
30373,Stephen Strasburg,2012,2.7,48,0,0,56,3.16,28,28,136,0,15,159.1,6,62,0,197,0,WSH,15,1.15
30373,Stephen Strasburg,2013,3.1,56,0,1,61,3.00,30,30,136,0,16,183.0,9,71,1,191,0,WSH,8,1.05
30373,Stephen Strasburg,2014,3.5,43,0,0,75,3.14,34,34,198,0,23,215.0,11,86,0,242,0,WSH,14,1.12
30373,Stephen Strasburg,2015,2.0,26,0,0,49,3.46,23,23,115,0,14,127.1,7,56,0,155,0,WSH,11,1.11
30373,Stephen Strasburg,2016,3.4,44,0,0,59,3.60,24,24,119,0,15,147.2,4,59,0,183,0,WSH,15,1.10
30373,Stephen Strasburg,2017,6.5,47,0,1,49,2.52,28,28,131,0,13,175.1,4,55,1,204,0,WSH,15,1.02
30373,Stephen Strasburg,2018,2.6,38,0,0,54,3.74,22,22,118,0,18,130.0,7,59,0,156,0,WSH,10,1.20
30373,Stephen Strasburg,2019,--,56,0,0,77,3.32,33,33,161,0,24,209.0,6,79,0,251,0,WSH,18,1.04
32675,Eduardo Rodriguez,2015,2.5,37,0,0,52,3.85,21,21,120,0,13,121.2,6,55,0,98,0,BOS,10,1.29
32675,Eduardo Rodriguez,2016,0.5,40,0,0,56,4.71,20,20,99,0,16,107.0,7,58,0,100,0,BOS,3,1.30
32675,Eduardo Rodriguez,2017,1.8,50,0,0,64,4.19,25,24,126,0,19,137.1,7,66,0,150,0,BOS,6,1.28
32675,Eduardo Rodriguez,2018,3.0,45,0,0,55,3.82,27,23,119,0,16,129.2,5,56,0,146,0,BOS,13,1.26
32675,Eduardo Rodriguez,2019,--,75,0,0,86,3.81,34,34,195,0,24,203.1,6,88,0,213,0,BOS,19,1.33
33837,Jack Flaherty,2017,-0.3,10,0,0,15,6.33,6,5,23,0,4,21.1,2,15,0,20,0,STL,0,1.55
33837,Jack Flaherty,2018,2.6,59,0,0,56,3.34,28,28,108,0,20,151.0,9,59,0,182,0,STL,8,1.11
33837,Jack Flaherty,2019,--,55,0,0,60,2.75,33,33,135,0,25,196.1,8,62,0,231,0,STL,11,0.97
28976,Max Scherzer,2008,1.2,21,0,0,19,3.05,16,7,48,0,5,56.0,4,24,0,66,0,ARI,0,1.23
28976,Max Scherzer,2009,1.1,63,0,0,78,4.12,30,30,166,0,20,170.1,11,94,0,174,0,ARI,9,1.34
28976,Max Scherzer,2010,3.1,70,0,0,76,3.50,31,31,174,0,20,195.2,11,84,0,184,0,DET,12,1.25
28976,Max Scherzer,2011,1.1,56,0,0,96,4.43,33,33,207,0,29,195.0,9,101,0,174,0,DET,15,1.35
28976,Max Scherzer,2012,4.0,60,0,0,78,3.74,32,32,179,0,23,187.2,7,82,0,231,0,DET,16,1.27
28976,Max Scherzer,2013,6.7,56,0,0,69,2.90,32,32,152,0,18,214.1,3,73,0,240,0,DET,21,0.97
28976,Max Scherzer,2014,6.0,63,0,1,77,3.15,33,33,196,0,18,220.1,5,80,1,252,0,DET,18,1.18
28976,Max Scherzer,2015,7.0,34,0,4,71,2.79,33,33,176,0,27,228.2,12,74,3,276,0,WSH,14,0.92
28976,Max Scherzer,2016,6.2,56,0,1,75,2.96,34,34,165,0,31,228.1,7,77,0,284,0,WSH,20,0.97
28976,Max Scherzer,2017,7.3,55,0,2,56,2.51,31,31,126,0,22,200.2,6,62,0,268,0,WSH,16,0.90
28976,Max Scherzer,2018,8.8,51,0,2,62,2.53,33,33,150,0,23,220.2,7,66,1,300,0,WSH,18,0.91
28976,Max Scherzer,2019,--,33,0,0,56,2.92,27,27,144,0,18,172.1,7,59,0,243,0,WSH,11,1.03
34984,Mike Soroka,2018,-0.0,7,0,0,10,3.51,5,5,30,0,1,25.2,1,14,0,21,0,ATL,2,1.44
34984,Mike Soroka,2019,--,41,0,0,52,2.68,29,29,153,0,14,174.2,4,56,0,142,0,ATL,13,1.11
31313,Patrick Corbin,2012,0.7,25,0,0,54,4.54,22,17,117,0,14,107.0,8,56,0,86,1,ARI,6,1.33
31313,Patrick Corbin,2013,2.8,54,0,3,79,3.41,32,32,189,0,19,208.1,8,81,0,178,0,ARI,14,1.17
31313,Patrick Corbin,2015,1.3,17,0,0,34,3.60,16,16,91,0,9,85.0,5,34,0,78,0,ARI,6,1.27
31313,Patrick Corbin,2016,-0.9,66,0,0,89,5.15,36,24,177,2,24,155.2,13,109,0,131,1,ARI,5,1.56
31313,Patrick Corbin,2017,2.9,61,0,0,85,4.03,33,32,208,0,26,189.2,13,97,0,178,0,ARI,14,1.42
31313,Patrick Corbin,2018,4.6,48,0,1,70,3.15,33,33,162,0,15,200.0,7,70,1,246,0,ARI,11,1.05
31313,Patrick Corbin,2019,--,70,0,1,73,3.25,33,33,169,0,24,202.0,7,81,1,238,0,WSH,14,1.18
32697,Lucas Giolito,2016,-0.5,12,0,0,16,6.75,6,4,26,0,7,21.1,1,18,0,11,0,WSH,0,1.78
32697,Lucas Giolito,2017,1.5,12,0,0,12,2.38,7,7,31,0,8,45.1,3,14,0,34,0,CHW,3,0.95
32697,Lucas Giolito,2018,-1.3,90,0,0,118,6.13,32,32,166,0,27,173.1,13,123,0,125,0,CHW,10,1.48
32697,Lucas Giolito,2019,--,57,0,3,67,3.41,29,29,131,0,24,176.2,9,69,2,228,0,CHW,14,1.06
32082,Sonny Gray,2013,1.4,20,0,0,19,2.67,12,10,51,0,4,64.0,3,22,0,67,0,OAK,5,1.11
32082,Sonny Gray,2014,3.2,74,0,2,75,3.08,33,33,187,0,15,219.0,10,84,2,183,0,OAK,14,1.19
32082,Sonny Gray,2015,5.8,59,0,3,63,2.73,31,31,166,0,17,208.0,7,71,2,169,0,OAK,14,1.08
32082,Sonny Gray,2016,-0.5,42,0,0,74,5.69,22,22,133,0,18,117.0,11,80,0,94,0,OAK,5,1.50
32082,Sonny Gray,2017,1.0,27,0,1,27,3.72,11,11,55,0,11,65.1,7,31,0,59,0,NYY,4,1.26
32082,Sonny Gray,2017,1.6,30,0,0,37,3.43,16,16,84,0,8,97.0,5,48,0,94,0,OAK,6,1.18
32082,Sonny Gray,2017,2.7,57,0,1,64,3.55,27,27,139,0,19,162.1,12,79,0,153,0,Total,10,1.21
32082,Sonny Gray,2018,0.6,57,1,0,71,4.90,30,23,138,0,14,130.1,9,73,0,123,0,NYY,11,1.50
32082,Sonny Gray,2019,--,68,0,0,56,2.87,31,31,122,0,17,175.1,8,59,0,205,0,CIN,11,1.08
5883,Zack Greinke,2004,3.6,26,0,0,64,3.97,24,24,143,0,26,145.0,11,64,0,100,0,KC,8,1.17
5883,Zack Greinke,2005,0.8,53,0,2,118,5.80,33,33,233,0,23,183.0,17,125,0,114,0,KC,5,1.56
5883,Zack Greinke,2006,0.0,3,0,0,3,4.26,3,0,7,0,1,6.1,0,3,0,5,0,KC,1,1.58
5883,Zack Greinke,2007,2.1,36,0,0,50,3.69,52,14,122,12,12,122.0,7,52,0,106,1,KC,7,1.30
5883,Zack Greinke,2008,5.0,56,0,1,78,3.47,32,32,202,0,21,202.1,10,87,0,183,0,KC,13,1.28
5883,Zack Greinke,2009,10.1,51,0,6,55,2.16,33,33,195,0,11,229.1,8,64,3,242,0,KC,16,1.07
5883,Zack Greinke,2010,3.2,55,0,3,102,4.17,33,33,219,0,18,220.0,14,114,0,181,0,KC,10,1.25
5883,Zack Greinke,2011,1.4,45,0,0,73,3.83,28,28,161,0,19,171.2,6,82,0,201,0,MIL,16,1.20
5883,Zack Greinke,2012,1.2,26,0,0,35,3.53,13,13,80,0,11,89.1,2,35,0,78,0,LAA,6,1.19
5883,Zack Greinke,2012,2.1,28,0,0,47,3.44,21,21,120,0,7,123.0,3,49,0,122,0,MIL,9,1.20
5883,Zack Greinke,2012,3.3,54,0,0,82,3.48,34,34,200,0,18,212.1,5,84,0,200,0,Total,15,1.20
5883,Zack Greinke,2013,3.9,46,0,1,52,2.63,28,28,152,0,13,177.2,4,54,1,148,0,LAD,15,1.11
5883,Zack Greinke,2014,4.3,43,0,0,61,2.71,32,32,190,0,19,202.1,8,69,0,207,0,LAD,17,1.15
5883,Zack Greinke,2015,9.3,40,0,1,41,1.66,32,32,148,0,14,222.2,3,43,0,200,0,LAD,19,0.84
5883,Zack Greinke,2016,2.3,41,0,1,77,4.37,26,26,161,0,23,158.2,7,80,1,134,0,ARI,13,1.27
5883,Zack Greinke,2017,6.0,45,0,1,72,3.20,32,32,172,0,25,202.1,7,80,0,215,0,ARI,17,1.07
5883,Zack Greinke,2018,4.2,43,0,0,74,3.21,33,33,181,0,28,207.2,11,77,0,199,0,ARI,15,1.08
5883,Zack Greinke,2019,--,9,0,0,21,3.02,10,10,58,0,6,62.2,1,25,0,52,0,HOU,8,1.07
5883,Zack Greinke,2019,--,21,0,0,47,2.90,23,23,117,0,15,146.0,4,48,0,135,0,ARI,10,0.95
5883,Zack Greinke,2019,--,30,0,0,68,2.93,33,33,175,0,21,208.2,5,73,0,187,0,Total,18,0.98
32582,Hyun-Jin Ryu,2013,3.3,49,0,2,64,3.00,30,30,182,0,15,192.0,8,67,1,154,0,LAD,14,1.20
32582,Hyun-Jin Ryu,2014,1.9,29,0,0,57,3.38,26,26,152,0,8,152.0,7,60,0,139,0,LAD,14,1.19
32582,Hyun-Jin Ryu,2016,-0.3,2,0,0,6,11.57,1,1,8,0,1,4.2,1,6,0,4,0,LAD,0,2.14
32582,Hyun-Jin Ryu,2017,1.2,45,0,0,53,3.77,25,24,128,0,22,126.2,9,58,0,116,1,LAD,5,1.37
32582,Hyun-Jin Ryu,2018,2.2,15,0,0,18,1.97,15,15,68,0,9,82.1,3,23,0,89,0,LAD,7,1.01
32582,Hyun-Jin Ryu,2019,--,24,0,1,47,2.32,29,29,160,0,17,182.2,5,53,1,163,0,LAD,14,1.01
29155,Charlie Morton,2008,-1.1,41,0,0,51,6.15,16,15,80,0,9,74.2,8,56,0,48,0,ATL,4,1.62
29155,Charlie Morton,2009,0.5,40,0,1,49,4.55,18,18,102,0,7,97.0,9,49,1,62,0,PIT,5,1.46
29155,Charlie Morton,2010,-2.4,26,0,0,67,7.57,17,17,112,0,15,79.2,12,79,0,59,0,PIT,2,1.73
29155,Charlie Morton,2011,1.6,77,0,2,73,3.83,29,29,186,0,6,171.2,10,82,1,110,0,PIT,10,1.53
29155,Charlie Morton,2012,-0.5,11,0,0,26,4.65,9,9,62,0,5,50.1,6,30,0,25,0,PIT,2,1.45
29155,Charlie Morton,2013,0.5,36,0,0,42,3.26,20,20,113,0,6,116.0,4,51,0,85,0,PIT,7,1.28
29155,Charlie Morton,2014,0.4,57,0,0,65,3.72,26,26,143,0,9,157.1,12,76,0,126,0,PIT,6,1.27
29155,Charlie Morton,2015,-0.7,41,0,0,69,4.81,23,23,137,0,13,129.0,9,77,0,96,0,PIT,9,1.38
29155,Charlie Morton,2016,0.3,8,0,0,8,4.15,4,4,15,0,1,17.1,1,8,0,19,0,PHI,1,1.33
29155,Charlie Morton,2017,1.8,50,0,0,59,3.62,25,25,125,0,14,146.2,7,65,0,163,0,HOU,14,1.19
29155,Charlie Morton,2018,3.5,64,0,0,58,3.13,30,30,130,0,18,167.0,3,63,0,201,0,HOU,15,1.16
29155,Charlie Morton,2019,--,57,0,0,66,3.05,33,33,154,0,15,194.2,6,71,0,240,0,TB,16,1.08
40912,Shane Bieber,2018,1.0,23,0,0,58,4.55,20,19,130,0,13,114.2,5,60,0,118,0,CLE,11,1.33
40912,Shane Bieber,2019,--,40,0,3,78,3.28,34,33,186,0,31,214.1,8,86,2,259,0,CLE,15,1.05
35124,Luis Castillo,2017,2.5,32,0,0,31,3.12,15,15,64,0,11,89.1,7,32,0,98,0,CIN,3,1.07
35124,Luis Castillo,2018,1.6,49,0,0,81,4.30,31,31,158,0,28,169.2,12,89,0,165,0,CIN,10,1.22
35124,Luis Castillo,2019,--,79,0,0,72,3.40,32,32,139,0,22,190.2,8,76,0,226,0,CIN,15,1.14
33709,Aaron Nola,2015,1.9,19,0,0,31,3.59,13,13,74,0,11,77.2,2,31,0,68,0,PHI,6,1.20
33709,Aaron Nola,2016,-0.0,29,0,0,59,4.78,20,20,116,0,10,111.0,9,68,0,121,0,PHI,6,1.31
33709,Aaron Nola,2017,4.5,49,0,0,66,3.54,27,27,154,0,18,168.0,11,67,0,184,0,PHI,12,1.21
33709,Aaron Nola,2018,10.5,58,0,0,56,2.37,33,33,149,0,17,212.1,6,57,0,224,0,PHI,17,0.97
33709,Aaron Nola,2019,--,80,0,0,87,3.87,34,34,176,0,27,202.1,7,91,0,229,0,PHI,12,1.27
33839,Kyle Freeland,2017,3.3,63,0,0,71,4.10,33,28,169,0,17,156.0,11,78,0,107,0,COL,11,1.49
33839,Kyle Freeland,2018,8.4,70,0,0,64,2.85,33,33,182,0,17,202.1,7,64,0,173,0,COL,17,1.25
33839,Kyle Freeland,2019,--,39,0,0,78,6.73,22,22,126,0,25,104.1,11,85,0,79,0,COL,3,1.58
33748,Blake Snell,2016,0.8,51,0,0,35,3.54,19,19,93,0,5,89.0,8,44,0,98,0,TB,6,1.62
33748,Blake Snell,2017,1.0,59,0,0,58,4.04,24,24,113,0,15,129.1,7,65,0,119,0,TB,5,1.33
33748,Blake Snell,2018,7.5,64,0,0,38,1.89,31,31,112,0,16,180.2,5,41,0,221,0,TB,21,0.97
33748,Blake Snell,2019,--,40,0,0,51,4.29,23,23,96,0,14,107.0,8,53,0,147,0,TB,6,1.27
30948,Chris Sale,2010,1.1,10,0,0,5,1.93,21,0,15,2,2,23.1,1,5,0,32,4,CHW,2,1.07
30948,Chris Sale,2011,2.2,27,2,0,22,2.79,58,0,52,16,6,71.0,2,22,0,79,8,CHW,2,1.11
30948,Chris Sale,2012,5.8,51,1,1,65,3.05,30,29,167,0,19,192.0,8,66,0,192,0,CHW,17,1.14
30948,Chris Sale,2013,6.9,46,0,4,73,3.07,30,30,184,0,23,214.1,14,81,1,226,0,CHW,11,1.07
30948,Chris Sale,2014,6.6,39,0,2,42,2.17,26,26,129,0,13,174.0,4,48,0,208,0,CHW,12,0.97
30948,Chris Sale,2015,3.3,42,0,1,79,3.41,31,31,185,0,23,208.2,11,88,0,274,0,CHW,13,1.09
30948,Chris Sale,2016,4.9,45,0,6,84,3.34,32,32,190,0,27,226.2,10,88,1,233,0,CHW,17,1.04
30948,Chris Sale,2017,6.0,43,0,1,69,2.90,32,32,165,0,24,214.1,8,73,0,308,0,BOS,17,0.97
30948,Chris Sale,2018,6.9,34,0,0,37,2.11,27,27,102,0,11,158.0,4,39,0,237,0,BOS,12,0.86
30948,Chris Sale,2019,--,37,0,1,72,4.40,25,25,123,0,24,147.1,11,80,1,218,0,BOS,6,1.09
30981,Corey Kluber,2011,-0.1,3,0,0,4,8.31,3,0,6,0,0,4.1,0,4,0,5,0,CLE,0,2.08
30981,Corey Kluber,2012,-0.6,18,0,0,36,5.14,12,12,76,0,9,63.0,5,44,0,54,0,CLE,2,1.49
30981,Corey Kluber,2013,1.4,33,0,0,63,3.85,26,24,153,0,15,147.1,5,67,0,136,0,CLE,11,1.26
30981,Corey Kluber,2014,7.4,51,0,3,64,2.44,34,34,207,0,14,235.2,9,72,1,269,0,CLE,18,1.09
30981,Corey Kluber,2015,4.2,45,0,4,86,3.49,32,32,189,0,22,222.0,16,92,0,245,0,CLE,9,1.05
30981,Corey Kluber,2016,6.5,57,0,3,75,3.14,32,32,170,0,22,215.0,9,82,2,227,0,CLE,18,1.06
30981,Corey Kluber,2017,8.0,36,0,5,51,2.25,29,29,141,0,21,203.2,4,56,3,265,0,CLE,18,0.87
30981,Corey Kluber,2018,5.9,34,0,2,69,2.89,33,33,179,0,25,215.0,7,75,1,222,0,CLE,20,0.99
30981,Corey Kluber,2019,--,15,0,0,23,5.80,7,7,44,0,4,35.2,3,26,0,38,0,CLE,2,1.65
32014,Trevor Bauer,2012,-0.3,13,0,0,11,6.06,4,4,14,0,2,16.1,2,13,0,17,0,ARI,1,1.65
32014,Trevor Bauer,2013,-0.2,16,0,0,10,5.29,4,4,15,0,3,17.0,2,11,0,11,0,CLE,1,1.82
32014,Trevor Bauer,2014,1.5,60,0,0,71,4.18,26,26,151,0,16,153.0,8,76,0,143,0,CLE,5,1.38
32014,Trevor Bauer,2015,1.5,79,0,1,89,4.55,31,30,152,0,23,176.0,12,90,0,170,0,CLE,11,1.31
32014,Trevor Bauer,2016,3.0,70,0,1,90,4.26,35,28,179,0,20,190.0,8,96,0,168,0,CLE,12,1.31
32014,Trevor Bauer,2017,3.1,60,0,0,82,4.19,32,31,181,0,25,176.1,9,84,0,196,0,CLE,17,1.37
32014,Trevor Bauer,2018,5.8,57,0,0,43,2.21,28,27,134,0,9,175.1,6,51,0,221,1,CLE,12,1.09
32014,Trevor Bauer,2019,--,63,0,1,66,3.79,24,24,127,0,22,156.2,8,76,1,185,0,CLE,9,1.21
32014,Trevor Bauer,2019,--,19,0,0,40,6.39,10,10,57,0,12,56.1,5,42,0,68,0,CIN,2,1.35
32014,Trevor Bauer,2019,--,82,0,1,106,4.48,34,34,184,0,34,213.0,13,118,1,253,0,Total,11,1.25
32769,Mike Clevinger,2016,0.3,29,0,0,31,5.26,17,10,50,0,8,53.0,3,31,0,50,0,CLE,3,1.49
32769,Mike Clevinger,2017,3.2,60,0,0,42,3.11,27,21,92,0,13,121.2,6,46,0,137,0,CLE,12,1.25
32769,Mike Clevinger,2018,5.2,67,0,1,67,3.02,32,32,164,0,21,200.0,8,71,1,207,0,CLE,13,1.16
32769,Mike Clevinger,2019,--,37,0,0,38,2.71,21,21,96,0,10,126.0,4,38,0,169,0,CLE,13,1.06
33263,Luis Severino,2015,2.0,22,0,0,20,2.89,11,11,53,0,9,62.1,3,21,0,56,0,NYY,5,1.20
33263,Luis Severino,2016,-0.4,25,0,0,46,5.83,22,11,78,1,11,71.0,8,48,0,66,0,NYY,3,1.45
33263,Luis Severino,2017,5.3,51,0,0,64,2.98,31,31,150,0,21,193.1,6,73,0,230,0,NYY,14,1.04
33263,Luis Severino,2018,4.8,46,0,1,72,3.39,32,32,173,0,19,191.1,8,76,1,220,0,NYY,19,1.14
33263,Luis Severino,2019,--,6,0,0,2,1.50,3,3,6,0,0,12.0,1,2,0,17,0,NYY,1,1.00
31258,Jameson Taillon,2016,2.6,17,0,0,39,3.38,18,18,99,0,13,104.0,4,40,0,85,0,PIT,5,1.12
31258,Jameson Taillon,2017,1.3,46,0,0,66,4.44,25,25,152,0,11,133.2,7,69,0,125,0,PIT,8,1.48
31258,Jameson Taillon,2018,4.7,46,0,2,68,3.20,32,32,179,0,20,191.0,10,69,1,179,0,PIT,14,1.18
31258,Jameson Taillon,2019,--,8,0,1,17,4.10,7,7,34,0,4,37.1,3,24,0,30,0,PIT,2,1.13
34874,German Marquez,2016,0.2,6,0,0,12,5.23,6,3,28,0,2,20.2,1,12,0,15,0,COL,1,1.65
34874,German Marquez,2017,3.1,49,0,0,79,4.39,29,29,174,0,25,162.0,7,82,0,147,0,COL,11,1.38
34874,German Marquez,2018,4.7,57,0,0,82,3.77,33,33,179,0,24,196.0,11,90,0,230,0,COL,14,1.20
34874,German Marquez,2019,--,35,0,1,92,4.76,28,28,174,0,29,174.0,5,96,1,175,0,COL,12,1.20
28958,David Price,2008,0.4,4,0,0,3,1.93,5,1,9,1,1,14.0,0,4,0,12,0,TB,0,0.93
28958,David Price,2009,0.7,54,0,0,63,4.42,23,23,119,0,17,128.1,7,72,0,102,0,TB,10,1.35
28958,David Price,2010,4.4,79,0,2,63,2.72,32,31,170,0,15,208.2,6,71,1,188,0,TB,19,1.19
28958,David Price,2011,2.4,63,0,0,87,3.49,34,34,192,0,22,224.1,13,93,0,218,0,TB,12,1.14
28958,David Price,2012,6.4,59,0,2,60,2.56,31,31,173,0,16,211.0,5,63,1,205,0,TB,20,1.10
28958,David Price,2013,2.8,27,0,4,69,3.33,27,27,178,0,16,186.2,8,78,0,151,0,TB,10,1.10
28958,David Price,2014,1.9,15,0,1,31,3.59,11,11,74,0,5,77.2,4,32,0,82,0,DET,4,1.15
28958,David Price,2014,2.7,23,0,2,59,3.11,23,23,156,0,20,170.2,8,68,0,189,0,TB,11,1.05
28958,David Price,2014,4.6,38,0,3,90,3.26,34,34,230,0,25,248.1,12,100,0,271,0,Total,15,1.08
28958,David Price,2015,3.6,29,0,3,41,2.53,21,21,133,0,13,146.0,4,50,1,138,0,DET,9,1.11
28958,David Price,2015,2.4,18,0,0,19,2.30,11,11,57,0,4,74.1,1,20,0,87,0,TOR,9,1.01
28958,David Price,2015,6.0,47,0,3,60,2.45,32,32,190,0,17,220.1,5,70,1,225,0,Total,18,1.08
28958,David Price,2016,3.0,50,0,2,102,3.99,35,35,227,0,30,230.0,9,106,0,228,0,BOS,17,1.20
28958,David Price,2017,1.7,24,0,0,28,3.38,16,11,65,1,8,74.2,3,30,0,76,0,BOS,6,1.19
28958,David Price,2018,4.4,50,0,1,70,3.58,30,30,151,0,25,176.0,7,75,0,177,0,BOS,16,1.14
28958,David Price,2019,--,32,0,0,51,4.28,22,22,109,0,15,107.1,5,57,0,128,0,BOS,7,1.31
32185,Blake Treinen,2014,1.1,13,0,0,14,2.49,15,7,57,0,1,50.2,3,17,0,30,0,WSH,2,1.38
32185,Blake Treinen,2015,0.3,32,3,0,29,3.86,60,0,62,10,4,67.2,5,32,0,65,0,WSH,2,1.39
32185,Blake Treinen,2016,1.9,31,2,0,17,2.28,73,0,51,22,5,67.0,1,19,0,63,1,WSH,4,1.22
32185,Blake Treinen,2017,1.5,12,3,0,9,2.13,35,0,32,5,3,38.0,4,11,0,42,13,OAK,3,1.16
32185,Blake Treinen,2017,-0.2,13,2,0,24,5.73,37,0,48,5,3,37.2,2,24,0,32,3,WSH,0,1.62
32185,Blake Treinen,2017,1.3,25,5,0,33,3.93,72,0,80,10,6,75.2,6,35,0,74,16,Total,3,1.39
32185,Blake Treinen,2018,4.3,21,5,0,7,0.78,68,0,46,0,2,80.1,2,12,0,100,38,OAK,9,0.83
32185,Blake Treinen,2019,--,37,5,0,32,4.91,57,0,58,3,9,58.2,5,33,0,59,16,OAK,6,1.62
28962,Gio Gonzalez,2008,-1.2,25,0,0,29,7.68,10,7,32,0,9,34.0,4,34,0,34,0,OAK,1,1.68
28962,Gio Gonzalez,2009,-0.5,56,0,0,63,5.75,20,17,113,0,14,98.2,7,68,0,109,0,OAK,6,1.71
28962,Gio Gonzalez,2010,3.6,92,0,1,72,3.23,33,33,171,0,15,200.2,9,75,0,171,0,OAK,15,1.31
28962,Gio Gonzalez,2011,3.9,91,0,0,70,3.12,32,32,175,0,17,202.0,12,81,0,197,0,OAK,16,1.32
28962,Gio Gonzalez,2012,4.5,76,0,2,64,2.89,32,32,149,0,9,199.1,8,69,1,207,0,WSH,21,1.13
28962,Gio Gonzalez,2013,3.0,76,0,1,73,3.36,32,32,169,0,17,195.2,8,79,1,192,0,WSH,11,1.25
28962,Gio Gonzalez,2014,2.3,56,0,0,63,3.57,27,27,134,0,10,158.2,10,66,0,162,0,WSH,10,1.20
28962,Gio Gonzalez,2015,2.7,69,0,0,74,3.79,31,31,181,0,8,175.2,8,79,0,169,0,WSH,11,1.42
28962,Gio Gonzalez,2016,0.8,59,0,0,90,4.57,32,32,179,0,19,177.1,11,98,0,171,0,WSH,11,1.34
28962,Gio Gonzalez,2017,6.6,79,0,0,66,2.96,32,32,158,0,21,201.0,9,69,0,188,0,WSH,15,1.18
28962,Gio Gonzalez,2018,0.7,10,0,0,6,2.13,5,5,14,0,2,25.1,0,7,0,22,0,MIL,3,0.95
28962,Gio Gonzalez,2018,1.5,70,0,0,74,4.57,27,27,153,0,15,145.2,11,77,0,126,0,WSH,7,1.53
28962,Gio Gonzalez,2018,2.2,80,0,0,80,4.21,32,32,167,0,17,171.0,11,84,0,148,0,Total,10,1.44
28962,Gio Gonzalez,2019,--,37,0,0,34,3.50,19,17,76,0,9,87.1,2,36,0,78,0,MIL,3,1.29
32815,Marcus Stroman,2014,2.0,28,0,1,53,3.65,26,20,125,0,7,130.2,6,56,1,111,1,TOR,11,1.17
32815,Marcus Stroman,2015,1.3,6,0,0,5,1.67,4,4,20,0,2,27.0,0,5,0,18,0,TOR,4,0.96
32815,Marcus Stroman,2016,1.4,54,0,0,99,4.37,32,32,209,0,21,204.0,10,104,0,166,0,TOR,9,1.29
32815,Marcus Stroman,2017,5.8,62,0,2,69,3.09,33,33,201,0,21,201.0,9,82,0,164,0,TOR,13,1.31
32815,Marcus Stroman,2018,0.2,36,0,0,63,5.54,19,19,115,0,9,102.1,9,68,0,77,0,TOR,4,1.48
32815,Marcus Stroman,2019,--,35,0,0,41,2.96,21,21,118,0,10,124.2,11,50,0,99,0,TOR,6,1.23
32815,Marcus Stroman,2019,--,23,0,0,25,3.77,11,11,65,0,8,59.2,2,27,0,60,0,NYM,4,1.47
32815,Marcus Stroman,2019,--,58,0,0,66,3.22,32,32,183,0,18,184.1,13,77,0,159,0,Total,10,1.31
28968,Carlos Carrasco,2009,-0.7,11,0,0,22,8.87,5,5,40,0,6,22.1,4,23,0,11,0,CLE,0,2.28
28968,Carlos Carrasco,2010,0.7,14,0,1,19,3.83,7,7,47,0,6,44.2,2,20,0,38,0,CLE,2,1.37
28968,Carlos Carrasco,2011,0.3,40,0,1,64,4.62,21,21,130,0,15,124.2,9,68,0,85,0,CLE,8,1.36
28968,Carlos Carrasco,2013,-0.9,18,0,0,35,6.75,15,7,64,0,4,46.2,4,36,0,30,0,CLE,1,1.76
28968,Carlos Carrasco,2014,3.7,29,0,1,38,2.55,40,14,103,0,7,134.0,7,40,1,140,1,CLE,8,0.99
28968,Carlos Carrasco,2015,3.8,43,0,3,74,3.63,30,30,154,0,18,183.2,12,75,1,216,0,CLE,14,1.07
28968,Carlos Carrasco,2016,3.6,34,0,1,54,3.32,25,25,134,0,21,146.1,8,64,1,150,0,CLE,11,1.15
28968,Carlos Carrasco,2017,5.4,46,0,1,73,3.29,32,32,173,0,21,200.0,6,73,0,226,0,CLE,18,1.10
28968,Carlos Carrasco,2018,3.9,43,0,2,72,3.38,32,30,173,0,21,192.0,10,78,0,231,0,CLE,17,1.13
28968,Carlos Carrasco,2019,--,16,1,1,47,5.29,23,12,92,1,18,80.0,7,48,1,96,1,CLE,6,1.35
32175,Robbie Ray,2014,-0.8,11,0,0,26,8.16,9,6,43,1,5,28.2,4,26,0,19,0,DET,1,1.88
32175,Robbie Ray,2015,1.7,49,0,0,50,3.52,23,23,121,0,9,127.2,12,56,0,119,0,ARI,5,1.33
32175,Robbie Ray,2016,0.7,71,0,0,95,4.90,32,32,185,0,24,174.1,15,105,0,218,0,ARI,8,1.47
32175,Robbie Ray,2017,5.0,71,0,1,52,2.89,28,28,116,0,23,162.0,5,57,1,218,0,ARI,15,1.15
32175,Robbie Ray,2018,1.4,70,0,0,54,3.93,24,24,97,0,19,123.2,2,55,0,165,0,ARI,6,1.35
32175,Robbie Ray,2019,--,84,0,0,84,4.34,33,33,150,0,30,174.1,8,91,0,235,0,ARI,12,1.34
28963,Clayton Kershaw,2008,1.3,52,0,0,51,4.26,22,21,109,1,11,107.2,5,51,0,100,0,LA,5,1.50
28963,Clayton Kershaw,2009,4.5,91,0,0,53,2.79,31,30,119,0,7,171.0,8,55,0,185,0,LA,8,1.23
28963,Clayton Kershaw,2010,5.4,81,0,1,66,2.91,32,32,160,0,13,204.1,10,73,1,212,0,LAD,13,1.18
28963,Clayton Kershaw,2011,6.3,54,0,5,59,2.28,33,33,174,0,15,233.1,5,66,2,248,0,LAD,21,0.98
28963,Clayton Kershaw,2012,6.3,63,0,2,64,2.53,33,33,170,0,16,227.2,9,70,2,229,0,LAD,14,1.02
28963,Clayton Kershaw,2013,7.9,52,0,3,48,1.83,33,33,164,0,11,236.0,9,55,2,232,0,LAD,16,0.92
28963,Clayton Kershaw,2014,7.5,31,0,6,39,1.77,27,27,139,0,9,198.1,3,42,2,239,0,LAD,21,0.86
28963,Clayton Kershaw,2015,7.5,42,0,4,55,2.13,33,33,163,0,15,232.2,7,62,3,301,0,LAD,16,0.88
28963,Clayton Kershaw,2016,5.6,11,0,3,28,1.69,21,21,97,0,8,149.0,4,31,3,172,0,LAD,12,0.72
28963,Clayton Kershaw,2017,4.6,30,0,1,45,2.31,27,27,136,0,23,175.0,4,49,0,202,0,LAD,18,0.95
28963,Clayton Kershaw,2018,3.3,29,0,0,49,2.73,26,26,139,0,17,161.1,5,55,0,155,0,LAD,9,1.04
28963,Clayton Kershaw,2019,--,41,0,0,60,3.03,29,28,145,0,28,178.1,5,63,0,189,0,LAD,16,1.04
6280,Ervin Santana,2005,0.6,47,0,1,69,4.65,23,23,139,0,17,133.2,8,73,1,99,0,LAA,12,1.39
6280,Ervin Santana,2006,2.5,70,0,0,97,4.28,33,33,181,0,21,204.0,8,106,0,141,0,LAA,16,1.23
6280,Ervin Santana,2007,-0.6,58,0,0,96,5.76,28,26,174,0,26,150.0,14,103,0,126,0,LAA,7,1.55
6280,Ervin Santana,2008,4.8,47,0,2,85,3.49,32,32,198,0,23,219.0,7,89,1,214,0,LAA,16,1.12
6280,Ervin Santana,2009,-0.3,47,0,2,78,5.03,24,23,159,1,24,139.2,8,83,2,107,0,LAA,8,1.47
6280,Ervin Santana,2010,2.5,73,0,4,97,3.92,33,33,221,0,27,222.2,10,104,1,169,0,LAA,17,1.32
6280,Ervin Santana,2011,2.7,72,0,4,86,3.38,33,33,207,0,26,228.2,12,95,1,178,0,LAA,11,1.22
6280,Ervin Santana,2012,-1.5,61,0,1,102,5.16,30,30,165,0,39,178.0,13,109,1,133,0,LAA,9,1.27
6280,Ervin Santana,2013,2.9,51,0,0,76,3.24,32,32,190,0,26,211.0,10,85,0,161,0,KC,9,1.14
6280,Ervin Santana,2014,1.2,63,0,0,86,3.95,31,31,193,0,16,196.0,10,90,0,179,0,ATL,14,1.31
6280,Ervin Santana,2015,1.6,36,0,0,48,4.00,17,17,104,0,12,108.0,5,50,0,82,0,MIN,7,1.30
6280,Ervin Santana,2016,3.8,53,0,2,68,3.38,30,30,168,0,19,181.1,11,78,1,149,0,MIN,7,1.22
6280,Ervin Santana,2017,4.6,61,0,5,77,3.28,33,33,177,0,31,211.1,8,85,3,167,0,MIN,16,1.13
6280,Ervin Santana,2018,-0.6,9,0,0,22,8.03,5,5,31,0,9,24.2,1,22,0,16,0,MIN,0,1.62
6280,Ervin Santana,2019,--,6,0,0,14,9.45,3,3,19,0,6,13.1,2,14,0,5,0,CHW,0,1.88
30134,Andrew Cashner,2010,-0.2,30,1,0,29,4.80,53,0,55,16,8,54.1,6,31,0,50,0,CHC,2,1.56
30134,Andrew Cashner,2011,0.4,4,0,0,2,1.69,7,1,3,1,1,10.2,0,2,0,8,0,CHC,0,0.66
30134,Andrew Cashner,2012,-0.2,19,4,0,22,4.27,33,5,42,6,5,46.1,4,23,0,52,0,SD,3,1.32
30134,Andrew Cashner,2013,2.4,47,0,1,60,3.09,31,26,151,1,12,175.0,9,68,1,128,0,SD,10,1.13
30134,Andrew Cashner,2014,1.9,29,0,2,35,2.55,19,19,110,0,7,123.1,7,42,2,93,0,SD,5,1.13
30134,Andrew Cashner,2015,-0.9,66,0,0,89,4.34,31,31,200,0,19,184.2,16,111,0,165,0,SD,6,1.44
30134,Andrew Cashner,2016,-0.1,30,0,0,42,4.76,16,16,80,0,13,79.1,7,47,0,67,0,SD,4,1.39
30134,Andrew Cashner,2016,-0.6,30,0,0,35,5.98,12,11,62,0,6,52.2,4,36,0,45,0,MIA,1,1.75
30134,Andrew Cashner,2016,-0.7,60,0,0,77,5.25,28,27,142,0,19,132.0,11,83,0,112,0,Total,5,1.53
30134,Andrew Cashner,2017,4.6,64,0,0,63,3.40,28,28,156,0,15,166.2,11,75,0,86,0,TEX,11,1.32
30134,Andrew Cashner,2018,0.6,65,0,0,90,5.29,28,28,177,0,25,153.0,15,97,0,99,0,BAL,4,1.58
30134,Andrew Cashner,2019,--,29,0,0,41,3.83,17,17,86,0,11,96.1,3,45,0,66,0,BAL,9,1.19
30134,Andrew Cashner,2019,--,29,0,0,37,6.20,25,6,58,4,8,53.2,5,39,0,42,1,BOS,2,1.62
30134,Andrew Cashner,2019,--,58,0,0,78,4.68,42,23,144,4,19,150.0,8,84,0,108,1,Total,11,1.35
28955,Johnny Cueto,2008,1.2,68,0,0,93,4.81,31,31,178,0,29,174.0,14,101,0,158,0,CIN,9,1.41
28955,Johnny Cueto,2009,0.7,61,0,0,84,4.41,30,30,172,0,24,171.1,11,90,0,132,0,CIN,11,1.36
28955,Johnny Cueto,2010,2.2,56,0,1,75,3.64,31,31,181,0,19,185.2,7,79,1,138,0,CIN,12,1.28
28955,Johnny Cueto,2011,3.5,47,0,3,40,2.31,24,24,123,0,8,156.0,5,51,1,104,0,CIN,9,1.09
28955,Johnny Cueto,2012,5.8,49,0,2,67,2.78,33,33,205,0,15,217.0,9,73,0,170,0,CIN,19,1.17
28955,Johnny Cueto,2013,1.4,18,0,0,19,2.82,11,11,46,0,7,60.2,2,20,0,51,0,CIN,5,1.05
28955,Johnny Cueto,2014,6.4,65,0,4,61,2.25,34,34,169,0,22,243.2,9,69,2,242,0,CIN,20,0.96
28955,Johnny Cueto,2015,0.2,17,0,1,43,4.76,13,13,101,0,10,81.1,7,45,1,56,0,KC,4,1.45
28955,Johnny Cueto,2015,3.7,29,0,1,38,2.62,19,19,93,0,11,130.2,6,42,1,120,0,CIN,7,0.93
28955,Johnny Cueto,2015,3.9,46,0,2,81,3.44,32,32,194,0,21,212.0,13,87,2,176,0,Total,11,1.13
28955,Johnny Cueto,2016,5.6,45,0,5,68,2.79,32,32,195,0,15,219.2,5,71,2,198,0,SF,18,1.09
28955,Johnny Cueto,2017,1.7,53,0,0,74,4.52,25,25,160,0,22,147.1,8,77,0,136,0,SF,8,1.45
28955,Johnny Cueto,2018,1.3,13,0,0,19,3.23,9,9,46,0,8,53.0,2,19,0,38,0,SF,3,1.11
28955,Johnny Cueto,2019,--,9,0,0,9,5.06,4,4,11,0,3,16.0,2,9,0,13,0,SF,1,1.25
31593,Tanner Roark,2013,2.0,11,0,0,9,1.51,14,5,38,1,1,53.2,1,11,0,40,0,WSH,7,0.91
31593,Tanner Roark,2014,5.1,39,0,1,63,2.85,31,31,178,0,16,198.2,10,64,1,138,0,WSH,15,1.09
31593,Tanner Roark,2015,0.7,26,1,0,54,4.38,40,12,119,4,17,111.0,7,55,0,70,1,WSH,4,1.31
31593,Tanner Roark,2016,5.5,73,0,0,66,2.83,34,33,173,1,17,210.0,10,72,0,172,0,WSH,16,1.17
31593,Tanner Roark,2017,1.3,64,0,0,94,4.67,32,30,178,0,23,181.1,11,105,0,166,0,WSH,13,1.33
31593,Tanner Roark,2018,3.0,50,0,0,87,4.34,31,30,181,0,24,180.1,15,90,0,146,0,WSH,9,1.28
31593,Tanner Roark,2019,--,13,0,0,28,4.58,10,10,61,0,14,55.0,3,29,0,50,0,OAK,4,1.35
31593,Tanner Roark,2019,--,38,0,0,52,4.24,21,21,119,0,14,110.1,7,55,0,108,0,CIN,6,1.42
31593,Tanner Roark,2019,--,51,0,0,80,4.35,31,31,180,0,28,165.1,10,84,0,158,0,Total,10,1.40
33150,Masahiro Tanaka,2014,3.3,21,0,3,42,2.77,20,20,123,0,15,136.1,5,47,1,141,0,NYY,13,1.06
33150,Masahiro Tanaka,2015,3.1,27,0,1,60,3.51,24,24,126,0,25,154.0,7,66,0,139,0,NYY,12,0.99
33150,Masahiro Tanaka,2016,5.4,36,0,0,68,3.07,31,31,179,0,22,199.2,4,75,0,165,0,NYY,14,1.08
33150,Masahiro Tanaka,2017,1.0,41,0,1,94,4.74,30,30,180,0,35,178.1,12,100,1,194,0,NYY,13,1.24
33150,Masahiro Tanaka,2018,2.9,35,0,1,65,3.75,27,27,141,0,25,156.0,6,68,1,159,0,NYY,12,1.13
33150,Masahiro Tanaka,2019,--,40,0,1,90,4.45,32,31,186,0,28,182.0,9,95,1,149,0,NYY,11,1.24
31340,Carlos Martinez,2013,-0.2,9,0,0,16,5.08,21,1,31,3,1,28.1,1,16,0,24,1,STL,2,1.41
31340,Carlos Martinez,2014,0.1,36,5,0,40,4.03,57,7,90,17,4,89.1,4,41,0,84,1,STL,2,1.41
31340,Carlos Martinez,2015,3.9,63,0,0,60,3.01,31,29,168,1,13,179.2,7,65,0,184,0,STL,14,1.29
31340,Carlos Martinez,2016,5.4,70,0,0,66,3.04,31,31,169,0,15,195.1,9,68,0,174,0,STL,16,1.22
31340,Carlos Martinez,2017,2.9,71,0,2,83,3.64,32,32,179,0,27,205.0,11,93,2,217,0,STL,12,1.22
31340,Carlos Martinez,2018,1.5,60,0,0,41,3.11,33,18,100,3,5,118.2,6,48,0,117,5,STL,8,1.35
31340,Carlos Martinez,2019,--,18,3,0,17,3.17,48,0,39,3,2,48.1,2,18,0,53,24,STL,4,1.18
28487,Jon Lester,2006,1.5,43,0,0,43,4.76,15,15,91,0,7,81.1,2,43,0,60,0,BOS,7,1.65
28487,Jon Lester,2007,0.8,31,0,0,32,4.57,12,11,61,0,10,63.0,0,33,0,50,0,BOS,4,1.46
28487,Jon Lester,2008,5.8,66,0,2,75,3.21,33,33,202,0,14,210.1,6,78,2,152,0,BOS,16,1.27
28487,Jon Lester,2009,5.9,64,0,2,77,3.41,32,32,186,0,20,203.1,8,80,0,225,0,BOS,15,1.23
28487,Jon Lester,2010,4.9,83,0,2,75,3.25,32,32,167,0,14,208.0,9,81,0,225,0,BOS,19,1.20
28487,Jon Lester,2011,4.1,75,0,0,74,3.47,31,31,166,0,20,191.2,9,77,0,182,0,BOS,15,1.26
28487,Jon Lester,2012,0.4,68,0,3,110,4.82,33,33,216,0,25,205.1,14,117,0,166,0,BOS,9,1.38
28487,Jon Lester,2013,3.0,67,0,1,89,3.75,33,33,209,0,19,213.1,8,94,1,177,0,BOS,15,1.29
28487,Jon Lester,2014,2.7,32,0,0,40,2.52,21,21,128,0,9,143.0,7,52,0,149,0,BOS,10,1.12
28487,Jon Lester,2014,1.9,16,0,1,20,2.35,11,11,66,0,7,76.2,4,24,1,71,0,OAK,6,1.07
28487,Jon Lester,2014,4.6,48,0,1,60,2.46,32,32,194,0,16,219.2,11,76,1,220,0,Total,16,1.10
28487,Jon Lester,2015,2.9,47,0,1,76,3.34,32,32,183,0,16,205.0,12,83,0,207,0,CHC,11,1.12
28487,Jon Lester,2016,5.3,52,0,2,55,2.44,32,32,154,0,21,202.2,5,57,0,197,0,CHC,19,1.02
28487,Jon Lester,2017,0.7,60,0,1,87,4.33,32,32,179,0,26,180.2,8,101,0,180,0,CHC,13,1.32
28487,Jon Lester,2018,3.4,64,0,0,67,3.32,32,32,174,0,24,181.2,6,75,0,149,0,CHC,18,1.31
28487,Jon Lester,2019,--,52,0,0,85,4.46,31,31,205,0,26,171.2,10,101,0,165,0,CHC,13,1.50
31730,Noah Syndergaard,2015,2.1,31,0,0,54,3.24,24,24,126,0,19,150.0,7,60,0,166,0,NYM,9,1.05
31730,Noah Syndergaard,2016,5.3,43,0,0,53,2.60,31,30,168,1,11,183.2,9,61,0,218,0,NYM,14,1.15
31730,Noah Syndergaard,2017,0.6,3,0,0,10,2.97,7,7,29,0,0,30.1,2,14,0,34,0,NYM,1,1.05
31730,Noah Syndergaard,2018,4.0,39,0,2,52,3.03,25,25,148,0,9,154.1,4,55,1,155,0,NYM,13,1.21
31730,Noah Syndergaard,2019,--,50,0,1,94,4.28,32,32,194,0,24,197.2,8,101,1,202,0,NYM,10,1.23
32106,Jose Quintana,2012,2.3,42,0,0,57,3.76,25,22,142,0,14,136.1,6,62,0,81,0,CHW,6,1.35
32106,Jose Quintana,2013,5.4,56,0,0,78,3.51,33,33,188,0,23,200.0,7,83,0,164,0,CHW,9,1.22
32106,Jose Quintana,2014,3.5,52,0,0,74,3.32,32,32,197,0,10,200.1,11,87,0,178,0,CHW,9,1.24
32106,Jose Quintana,2015,4.0,44,0,1,77,3.36,32,32,218,0,16,206.1,10,81,1,177,0,CHW,9,1.27
32106,Jose Quintana,2016,5.2,50,0,0,74,3.20,32,32,192,0,22,208.0,12,76,0,181,0,CHW,13,1.16
32106,Jose Quintana,2017,1.1,40,0,0,52,4.49,18,18,98,0,14,104.1,8,55,0,109,0,CHW,4,1.32
32106,Jose Quintana,2017,1.3,21,0,1,35,3.74,14,14,72,0,9,84.1,3,37,1,98,0,CHC,7,1.10
32106,Jose Quintana,2017,2.3,61,0,1,87,4.15,32,32,170,0,23,188.2,11,92,1,207,0,Total,11,1.22
32106,Jose Quintana,2018,2.2,68,0,0,78,4.03,32,32,162,0,25,174.1,11,81,0,158,0,CHC,13,1.32
32106,Jose Quintana,2019,--,46,0,0,89,4.68,32,31,191,1,20,171.0,9,100,0,152,0,CHC,13,1.39
29966,Rick Porcello,2009,2.2,52,0,0,75,3.96,31,31,176,0,23,170.2,9,81,0,89,0,DET,14,1.34
29966,Rick Porcello,2010,-0.1,38,0,0,89,4.92,27,27,188,0,18,162.2,12,96,0,84,0,DET,10,1.39
29966,Rick Porcello,2011,0.0,46,0,0,96,4.75,31,31,210,0,18,182.0,9,103,0,104,0,DET,14,1.41
29966,Rick Porcello,2012,1.3,44,0,0,90,4.59,31,31,226,0,16,176.1,12,101,0,107,0,DET,10,1.53
29966,Rick Porcello,2013,2.4,42,0,1,85,4.32,32,29,185,0,18,177.0,8,87,0,142,0,DET,13,1.28
29966,Rick Porcello,2014,4.0,41,0,3,78,3.43,32,31,211,0,18,204.2,13,89,3,129,0,DET,15,1.23
29966,Rick Porcello,2015,0.6,38,0,0,94,4.92,28,28,196,0,25,172.0,15,103,0,149,0,BOS,9,1.36
29966,Rick Porcello,2016,5.0,32,0,3,78,3.15,33,33,193,0,23,223.0,4,85,0,189,0,BOS,22,1.01
29966,Rick Porcello,2017,-0.2,48,0,2,105,4.65,33,33,236,0,38,203.1,17,125,0,181,0,BOS,11,1.40
29966,Rick Porcello,2018,3.1,48,0,1,91,4.28,33,33,177,0,27,191.1,7,97,0,190,0,BOS,17,1.18
29966,Rick Porcello,2019,--,45,0,0,107,5.52,32,32,198,0,31,174.1,12,114,0,143,0,BOS,14,1.39
29949,Madison Bumgarner,2009,0.3,3,0,0,2,1.80,4,1,8,0,2,10.0,0,2,0,10,0,SF,0,1.10
29949,Madison Bumgarner,2010,2.3,26,0,0,37,3.00,18,18,119,0,11,111.0,6,40,0,86,0,SF,7,1.31
29949,Madison Bumgarner,2011,2.1,46,0,0,73,3.21,33,33,202,0,12,204.2,13,82,0,191,0,SF,13,1.21
29949,Madison Bumgarner,2012,1.8,49,0,2,78,3.37,32,32,183,0,23,208.1,11,87,1,191,0,SF,16,1.11
29949,Madison Bumgarner,2013,3.9,62,0,0,62,2.77,31,31,146,0,15,201.1,9,68,0,199,0,SF,13,1.03
29949,Madison Bumgarner,2014,4.0,43,0,4,72,2.98,33,33,194,0,21,217.1,10,81,2,219,0,SF,18,1.09
29949,Madison Bumgarner,2015,4.9,39,0,4,71,2.93,32,32,181,0,21,218.1,9,73,2,234,0,SF,18,1.01
29949,Madison Bumgarner,2016,5.0,54,0,4,69,2.74,34,34,178,0,26,226.2,9,79,1,251,0,SF,15,1.02
29949,Madison Bumgarner,2017,2.9,20,0,1,41,3.32,17,17,101,0,17,111.0,9,41,0,101,0,SF,4,1.09
29949,Madison Bumgarner,2018,2.4,43,0,0,47,3.26,21,21,118,0,14,129.2,7,51,0,109,0,SF,6,1.24
29949,Madison Bumgarner,2019,--,43,0,0,90,3.90,34,34,191,0,30,207.2,9,99,0,203,0,SF,9,1.13
33173,Kyle Hendricks,2014,2.9,15,0,0,22,2.46,13,13,72,0,4,80.1,2,24,0,47,0,CHC,7,1.08
33173,Kyle Hendricks,2015,1.7,43,0,1,79,3.95,32,32,166,0,17,180.0,7,82,1,167,0,CHC,8,1.16
33173,Kyle Hendricks,2016,5.0,44,0,2,45,2.13,31,30,142,0,15,190.0,8,53,1,170,0,CHC,16,0.98
33173,Kyle Hendricks,2017,3.5,40,0,0,47,3.03,24,24,126,0,17,139.2,5,49,0,123,0,CHC,7,1.19
33173,Kyle Hendricks,2018,3.5,44,0,0,76,3.44,33,33,184,0,22,199.0,11,82,0,161,0,CHC,14,1.15
33173,Kyle Hendricks,2019,--,32,0,1,68,3.46,30,30,168,0,19,177.0,10,78,1,150,0,CHC,11,1.13
6216,Cole Hamels,2006,2.2,48,0,0,60,4.08,23,23,117,0,19,132.1,8,66,0,145,0,PHI,9,1.25
6216,Cole Hamels,2007,3.8,43,0,2,69,3.39,28,28,163,0,25,183.1,5,72,0,177,0,PHI,15,1.12
6216,Cole Hamels,2008,4.0,53,0,2,78,3.09,33,33,193,0,28,227.1,10,89,2,196,0,PHI,14,1.08
6216,Cole Hamels,2009,1.7,43,0,2,93,4.32,32,32,206,0,24,193.2,11,95,2,168,0,PHI,10,1.29
6216,Cole Hamels,2010,5.3,61,0,1,71,3.06,33,33,185,0,26,208.2,11,74,0,211,0,PHI,12,1.18
6216,Cole Hamels,2011,6.2,44,0,3,67,2.79,32,31,169,0,19,216.0,9,68,0,194,0,PHI,14,0.99
6216,Cole Hamels,2012,4.2,52,0,2,73,3.05,31,31,190,0,24,215.1,6,80,2,216,0,PHI,17,1.12
6216,Cole Hamels,2013,4.6,50,0,1,88,3.60,33,33,205,0,21,220.0,14,94,0,202,0,PHI,8,1.16
6216,Cole Hamels,2014,6.6,59,0,0,56,2.46,30,30,176,0,14,204.2,9,60,0,198,0,PHI,9,1.15
6216,Cole Hamels,2015,1.7,23,0,1,34,3.66,12,12,77,0,10,83.2,1,35,0,78,0,TEX,7,1.20
6216,Cole Hamels,2015,2.7,39,0,1,52,3.64,20,20,113,0,12,128.2,7,53,1,137,0,PHI,6,1.18
6216,Cole Hamels,2015,4.4,62,0,2,86,3.65,32,32,190,0,22,212.1,8,88,1,215,0,Total,13,1.19
6216,Cole Hamels,2016,5.0,77,0,0,74,3.32,32,32,185,0,24,200.2,5,83,0,200,0,TEX,15,1.31
6216,Cole Hamels,2017,2.9,53,0,1,69,4.20,24,24,125,0,18,148.0,6,74,0,105,0,TEX,11,1.20
6216,Cole Hamels,2018,1.2,42,0,0,60,4.72,20,20,115,0,23,114.1,9,70,0,114,0,TEX,5,1.37
6216,Cole Hamels,2018,2.5,23,0,1,20,2.36,12,12,61,0,6,76.1,3,23,0,74,0,CHC,4,1.10
6216,Cole Hamels,2018,3.8,65,0,1,80,3.78,32,32,176,0,29,190.2,12,93,0,188,0,Total,9,1.26
6216,Cole Hamels,2019,--,56,0,0,60,3.81,27,27,141,0,17,141.2,7,64,0,143,0,CHC,7,1.39
34842,Michael Fulmer,2016,4.9,42,0,1,54,3.06,26,26,136,0,16,159.0,7,57,1,132,0,DET,11,1.12
34842,Michael Fulmer,2017,3.6,40,0,1,70,3.83,25,25,150,0,13,164.2,12,80,0,114,0,DET,10,1.15
34842,Michael Fulmer,2018,0.9,46,0,0,69,4.69,24,24,128,0,19,132.1,12,75,0,110,0,DET,3,1.31
31091,Julio Teheran,2011,0.0,8,0,0,11,5.03,5,3,21,0,4,19.2,1,11,0,10,0,ATL,1,1.47
31091,Julio Teheran,2012,-0.1,1,0,0,4,5.68,2,1,5,0,0,6.1,0,4,0,5,0,ATL,0,0.95
31091,Julio Teheran,2013,3.2,45,0,0,66,3.20,30,30,173,0,22,185.2,8,69,0,170,0,ATL,14,1.17
31091,Julio Teheran,2014,4.0,51,0,4,71,2.89,33,33,188,0,22,221.0,13,82,2,186,0,ATL,14,1.08
31091,Julio Teheran,2015,1.5,73,0,0,90,4.04,33,33,189,0,27,200.2,8,99,0,171,0,ATL,11,1.31
31091,Julio Teheran,2016,4.8,41,0,1,67,3.21,30,30,157,0,22,188.0,10,70,1,167,0,ATL,7,1.05
31091,Julio Teheran,2017,1.6,72,0,0,94,4.49,32,32,186,0,31,188.1,13,103,0,151,0,ATL,11,1.37
31091,Julio Teheran,2018,1.8,84,0,0,77,3.94,31,31,122,0,26,175.2,9,80,0,162,0,ATL,9,1.17
31091,Julio Teheran,2019,--,83,0,0,74,3.81,33,33,148,0,22,174.2,11,81,0,162,0,ATL,10,1.32
31254,Aaron Sanchez,2014,1.5,9,0,0,4,1.09,24,0,14,7,1,33.0,2,5,0,27,3,TOR,2,0.70
31254,Aaron Sanchez,2015,1.7,44,1,0,33,3.22,41,11,74,10,9,92.1,6,35,0,61,0,TOR,7,1.28
31254,Aaron Sanchez,2016,4.8,63,0,0,64,3.00,30,30,161,0,15,192.0,2,69,0,161,0,TOR,15,1.17
31254,Aaron Sanchez,2017,0.0,20,0,0,17,4.25,8,8,42,0,6,36.0,3,24,0,24,0,TOR,1,1.72
31254,Aaron Sanchez,2018,0.8,58,0,0,57,4.89,20,20,106,0,11,105.0,6,62,0,86,0,TOR,4,1.56
31254,Aaron Sanchez,2019,--,59,0,0,76,6.07,23,23,131,0,15,112.2,14,82,0,99,0,TOR,3,1.69
31254,Aaron Sanchez,2019,--,9,0,0,10,4.82,4,4,14,0,5,18.2,0,10,0,16,0,HOU,2,1.23
31254,Aaron Sanchez,2019,--,68,0,0,86,5.89,27,27,145,0,20,131.1,14,92,0,115,0,Total,5,1.62
30145,Jake Arrieta,2010,0.6,48,0,0,52,4.66,18,18,106,0,9,100.1,6,57,0,52,0,BAL,6,1.53
30145,Jake Arrieta,2011,0.5,59,0,0,67,5.05,22,22,115,0,21,119.1,8,70,0,93,0,BAL,10,1.46
30145,Jake Arrieta,2012,-1.0,35,0,0,79,6.20,24,18,122,1,16,114.2,9,82,0,109,0,BAL,3,1.37
30145,Jake Arrieta,2013,-0.4,17,0,0,19,7.23,5,5,25,0,2,23.2,2,19,0,23,0,BAL,1,1.77
30145,Jake Arrieta,2013,0.7,24,0,0,21,3.66,9,9,34,0,7,51.2,2,22,0,37,0,CHC,4,1.12
30145,Jake Arrieta,2013,0.3,41,0,0,40,4.78,14,14,59,0,9,75.1,4,41,0,60,0,Total,5,1.33
30145,Jake Arrieta,2014,5.3,41,0,1,44,2.53,25,25,114,0,5,156.2,5,46,1,167,0,CHC,10,0.99
30145,Jake Arrieta,2015,8.6,48,0,4,45,1.77,33,33,150,0,10,229.0,6,52,3,236,0,CHC,22,0.86
30145,Jake Arrieta,2016,3.4,76,0,1,68,3.10,31,31,138,0,16,197.1,8,72,1,190,0,CHC,18,1.08
30145,Jake Arrieta,2017,1.9,55,0,0,66,3.53,30,30,150,0,23,168.1,10,82,0,163,0,CHC,14,1.22
30145,Jake Arrieta,2018,3.0,57,0,0,76,3.96,31,31,165,0,21,172.2,11,93,0,138,0,PHI,10,1.29
30145,Jake Arrieta,2019,--,51,0,0,70,4.64,24,24,149,0,21,135.2,8,76,0,110,0,PHI,8,1.47
31815,Dallas Keuchel,2012,-0.1,39,0,1,50,5.27,16,16,93,0,14,85.1,8,56,0,38,0,HOU,3,1.55
31815,Dallas Keuchel,2013,-0.1,52,0,0,88,5.15,31,22,184,2,20,153.2,10,96,0,123,0,HOU,6,1.54
31815,Dallas Keuchel,2014,5.1,48,0,5,65,2.93,29,29,187,0,11,200.0,9,71,1,146,0,HOU,12,1.18
31815,Dallas Keuchel,2015,7.2,51,0,3,64,2.48,33,33,185,0,17,232.0,8,68,2,216,0,HOU,20,1.02
31815,Dallas Keuchel,2016,0.5,48,0,1,85,4.55,26,26,168,0,20,168.0,12,88,1,144,0,HOU,9,1.29
31815,Dallas Keuchel,2017,3.9,47,0,1,47,2.90,23,23,116,0,15,145.2,5,50,0,125,0,HOU,14,1.12
31815,Dallas Keuchel,2018,2.6,58,0,1,85,3.74,34,34,211,0,18,204.2,11,92,0,153,0,HOU,12,1.31
31815,Dallas Keuchel,2019,--,39,0,0,47,3.75,19,19,115,0,16,112.2,8,50,0,91,0,ATL,8,1.37
5203,John Lackey,2002,0.9,33,0,1,44,3.66,18,18,113,0,10,108.1,4,52,0,69,0,ANA,9,1.35
5203,John Lackey,2003,1.0,66,0,2,105,4.63,33,33,223,0,31,204.0,16,117,2,151,0,ANA,10,1.42
5203,John Lackey,2004,1.8,60,0,1,103,4.67,33,32,215,0,22,198.1,13,108,1,144,0,ANA,14,1.39
5203,John Lackey,2005,4.0,71,0,1,80,3.44,33,33,208,0,13,209.0,5,85,0,199,0,LAA,14,1.33
5203,John Lackey,2006,4.3,72,0,3,86,3.56,33,33,203,0,14,217.2,11,98,2,190,0,LAA,13,1.26
5203,John Lackey,2007,6.0,52,0,2,75,3.01,33,33,219,0,18,224.0,9,87,2,179,0,LAA,19,1.21
5203,John Lackey,2008,3.3,40,0,3,68,3.75,24,24,161,0,26,163.1,5,71,0,130,0,LAA,12,1.23
5203,John Lackey,2009,1.6,47,0,1,75,3.83,27,27,177,0,17,176.1,8,84,1,139,0,LAA,11,1.27
5203,John Lackey,2010,1.5,72,0,0,105,4.40,33,33,233,0,18,215.0,11,114,0,156,0,BOS,14,1.42
5203,John Lackey,2011,-2.1,56,0,0,114,6.41,28,28,203,0,20,160.0,12,119,0,108,0,BOS,12,1.62
5203,John Lackey,2013,2.8,40,0,2,74,3.52,29,29,179,0,26,189.1,13,80,0,161,0,BOS,10,1.16
5203,John Lackey,2014,1.4,32,0,1,55,3.60,21,21,137,0,15,137.1,7,60,0,116,0,BOS,11,1.23
5203,John Lackey,2014,-0.3,15,0,0,29,4.30,10,10,69,0,9,60.2,3,34,0,48,0,STL,3,1.38
5203,John Lackey,2014,1.1,47,0,1,84,3.82,31,31,206,0,24,198.0,10,94,0,164,0,Total,14,1.28
5203,John Lackey,2015,5.6,53,0,1,67,2.77,33,33,211,0,21,218.0,10,71,0,175,0,STL,13,1.21
5203,John Lackey,2016,2.5,53,0,0,70,3.35,29,29,146,0,23,188.1,8,74,0,180,0,CHC,11,1.06
5203,John Lackey,2017,1.2,53,0,0,87,4.59,31,30,165,0,36,170.2,12,93,0,149,0,CHC,12,1.28
